-- MySQL dump 10.13  Distrib 8.0.18, for Win64 (x86_64)
--
-- Host: localhost    Database: hobby
-- ------------------------------------------------------
-- Server version	8.0.18

/*!40101 SET @OLD_CHARACTER_SET_CLIENT=@@CHARACTER_SET_CLIENT */;
/*!40101 SET @OLD_CHARACTER_SET_RESULTS=@@CHARACTER_SET_RESULTS */;
/*!40101 SET @OLD_COLLATION_CONNECTION=@@COLLATION_CONNECTION */;
/*!50503 SET NAMES utf8mb4 */;
/*!40103 SET @OLD_TIME_ZONE=@@TIME_ZONE */;
/*!40103 SET TIME_ZONE='+00:00' */;
/*!40014 SET @OLD_UNIQUE_CHECKS=@@UNIQUE_CHECKS, UNIQUE_CHECKS=0 */;
/*!40014 SET @OLD_FOREIGN_KEY_CHECKS=@@FOREIGN_KEY_CHECKS, FOREIGN_KEY_CHECKS=0 */;
/*!40101 SET @OLD_SQL_MODE=@@SQL_MODE, SQL_MODE='NO_AUTO_VALUE_ON_ZERO' */;
/*!40111 SET @OLD_SQL_NOTES=@@SQL_NOTES, SQL_NOTES=0 */;

--
-- Temporary view structure for view `getrandompersonid`
--

DROP TABLE IF EXISTS `getrandompersonid`;
/*!50001 DROP VIEW IF EXISTS `getrandompersonid`*/;
SET @saved_cs_client     = @@character_set_client;
/*!50503 SET character_set_client = utf8mb4 */;
/*!50001 CREATE VIEW `getrandompersonid` AS SELECT 
 1 AS `id`*/;
SET character_set_client = @saved_cs_client;

--
-- Table structure for table `hasła`
--

DROP TABLE IF EXISTS `hasła`;
/*!40101 SET @saved_cs_client     = @@character_set_client */;
/*!50503 SET character_set_client = utf8mb4 */;
CREATE TABLE `hasła` (
  `id` int(11) NOT NULL AUTO_INCREMENT,
  `idOsoba` int(11) DEFAULT NULL,
  `haslo` varchar(50) DEFAULT NULL,
  PRIMARY KEY (`id`)
) ENGINE=InnoDB AUTO_INCREMENT=2 DEFAULT CHARSET=utf8mb4 COLLATE=utf8mb4_0900_ai_ci;
/*!40101 SET character_set_client = @saved_cs_client */;

--
-- Dumping data for table `hasła`
--

LOCK TABLES `hasła` WRITE;
/*!40000 ALTER TABLE `hasła` DISABLE KEYS */;
INSERT INTO `hasła` VALUES (1,2,'377B55F3A5E13BB24F258AB81F856DD7');
/*!40000 ALTER TABLE `hasła` ENABLE KEYS */;
UNLOCK TABLES;

--
-- Table structure for table `hobby`
--

DROP TABLE IF EXISTS `hobby`;
/*!40101 SET @saved_cs_client     = @@character_set_client */;
/*!50503 SET character_set_client = utf8mb4 */;
CREATE TABLE `hobby` (
  `id` int(11) NOT NULL,
  `osoba` int(11) NOT NULL,
  `typ` enum('sport','nauka','inne') NOT NULL,
  PRIMARY KEY (`id`,`osoba`,`typ`),
  UNIQUE KEY `indexHobby` (`osoba`,`id`,`typ`)
) ENGINE=InnoDB DEFAULT CHARSET=utf8mb4 COLLATE=utf8mb4_0900_ai_ci;
/*!40101 SET character_set_client = @saved_cs_client */;

--
-- Dumping data for table `hobby`
--

LOCK TABLES `hobby` WRITE;
/*!40000 ALTER TABLE `hobby` DISABLE KEYS */;
INSERT INTO `hobby` VALUES (2,89,'sport'),(2,249,'nauka'),(2,416,'sport'),(2,501,'nauka'),(2,752,'sport'),(2,904,'sport'),(4,61,'nauka'),(4,156,'nauka'),(4,653,'sport'),(4,657,'sport'),(6,223,'nauka'),(6,272,'sport'),(6,828,'nauka'),(6,887,'sport'),(7,326,'nauka'),(7,474,'nauka'),(7,625,'sport'),(7,651,'nauka'),(7,1008,'sport'),(8,703,'sport'),(8,704,'sport'),(9,382,'nauka'),(9,733,'nauka'),(9,755,'nauka'),(10,21,'sport'),(10,776,'sport'),(10,874,'sport'),(10,889,'nauka'),(11,515,'nauka'),(11,618,'sport'),(11,668,'nauka'),(11,964,'nauka'),(12,321,'nauka'),(13,513,'nauka'),(13,520,'sport'),(14,290,'sport'),(14,796,'sport'),(14,880,'sport'),(15,31,'sport'),(15,32,'sport'),(15,147,'sport'),(15,621,'sport'),(15,753,'nauka'),(15,843,'nauka'),(16,92,'sport'),(16,788,'sport'),(17,616,'nauka'),(17,715,'sport'),(18,236,'nauka'),(18,500,'sport'),(18,906,'sport'),(18,936,'sport'),(19,158,'sport'),(19,549,'sport'),(19,991,'nauka'),(20,93,'nauka'),(20,399,'sport'),(20,457,'sport'),(20,811,'nauka'),(20,919,'nauka'),(21,26,'sport'),(21,272,'sport'),(21,399,'nauka'),(21,405,'nauka'),(21,451,'nauka'),(22,121,'nauka'),(22,160,'nauka'),(22,226,'sport'),(22,446,'sport'),(23,427,'sport'),(23,450,'sport'),(23,468,'nauka'),(23,808,'nauka'),(23,1003,'nauka'),(24,152,'sport'),(24,654,'nauka'),(25,221,'nauka'),(25,441,'nauka'),(25,483,'sport'),(25,526,'nauka'),(25,814,'sport'),(25,862,'nauka'),(26,416,'sport'),(26,614,'sport'),(26,786,'nauka'),(28,535,'sport'),(28,711,'sport'),(30,250,'nauka'),(30,770,'sport'),(30,925,'sport'),(32,901,'nauka'),(33,139,'sport'),(33,857,'sport'),(35,687,'sport'),(35,748,'nauka'),(35,902,'sport'),(35,981,'nauka'),(36,509,'sport'),(36,606,'sport'),(36,842,'nauka'),(37,466,'nauka'),(37,696,'nauka'),(38,231,'nauka'),(38,262,'nauka'),(38,713,'nauka'),(38,928,'nauka'),(39,106,'sport'),(39,429,'nauka'),(39,938,'sport'),(39,964,'nauka'),(39,994,'nauka'),(40,600,'sport'),(40,846,'nauka'),(42,175,'sport'),(42,499,'sport'),(42,505,'sport'),(44,123,'nauka'),(44,472,'sport'),(44,594,'sport'),(44,633,'sport'),(44,765,'nauka'),(44,781,'sport'),(44,879,'nauka'),(45,70,'nauka'),(45,245,'nauka'),(48,99,'sport'),(48,139,'nauka'),(48,251,'sport'),(48,275,'nauka'),(48,292,'nauka'),(48,397,'sport'),(48,749,'nauka'),(49,236,'nauka'),(49,807,'sport'),(50,417,'nauka'),(50,560,'sport'),(50,622,'sport'),(51,113,'sport'),(51,161,'nauka'),(51,306,'nauka'),(52,234,'sport'),(52,638,'sport'),(52,829,'sport'),(52,852,'nauka'),(53,132,'sport'),(53,883,'nauka'),(54,20,'sport'),(54,174,'nauka'),(54,664,'sport'),(54,720,'nauka'),(54,874,'sport'),(54,958,'nauka'),(55,51,'sport'),(55,173,'nauka'),(55,538,'sport'),(55,742,'sport'),(57,242,'sport'),(57,459,'nauka'),(57,608,'sport'),(57,751,'sport'),(59,4,'sport'),(59,34,'sport'),(59,125,'sport'),(59,644,'sport'),(59,842,'nauka'),(59,961,'sport'),(59,987,'sport'),(60,169,'nauka'),(60,185,'sport'),(60,304,'sport'),(60,478,'sport'),(61,262,'nauka'),(61,303,'sport'),(61,789,'sport'),(61,888,'sport'),(62,354,'nauka'),(62,705,'sport'),(62,733,'sport'),(64,178,'sport'),(64,441,'sport'),(64,452,'sport'),(64,536,'sport'),(65,399,'nauka'),(65,720,'sport'),(65,893,'sport'),(66,121,'nauka'),(67,214,'sport'),(67,264,'sport'),(67,342,'sport'),(67,445,'nauka'),(68,287,'nauka'),(68,496,'nauka'),(68,618,'sport'),(68,927,'nauka'),(69,143,'nauka'),(69,170,'nauka'),(69,423,'sport'),(69,576,'sport'),(70,744,'sport'),(70,876,'sport'),(72,651,'nauka'),(72,915,'sport'),(73,289,'sport'),(73,507,'sport'),(73,879,'nauka'),(75,95,'sport'),(75,223,'sport'),(75,429,'nauka'),(75,751,'sport'),(75,803,'sport'),(75,957,'sport'),(76,914,'sport'),(76,920,'nauka'),(77,154,'sport'),(77,766,'sport'),(78,322,'nauka'),(78,405,'nauka'),(78,487,'nauka'),(78,501,'sport'),(79,990,'nauka'),(80,448,'sport'),(82,562,'sport'),(82,772,'sport'),(83,774,'nauka'),(84,803,'nauka'),(84,929,'nauka'),(84,935,'sport'),(87,42,'nauka'),(87,48,'nauka'),(87,298,'sport'),(87,347,'nauka'),(87,452,'nauka'),(87,511,'nauka'),(88,6,'nauka'),(88,7,'nauka'),(88,456,'nauka'),(88,860,'nauka'),(90,588,'sport'),(91,76,'sport'),(91,936,'sport'),(92,106,'sport'),(92,754,'sport'),(92,815,'sport'),(92,853,'sport'),(92,923,'sport'),(93,24,'nauka'),(93,101,'nauka'),(93,173,'nauka'),(95,32,'sport'),(95,567,'nauka'),(95,991,'nauka'),(96,162,'sport'),(96,292,'sport'),(96,865,'sport'),(97,452,'nauka'),(97,735,'sport'),(98,878,'sport'),(98,890,'sport'),(99,750,'nauka'),(99,768,'nauka'),(99,817,'sport'),(103,487,'nauka'),(104,445,'sport'),(104,876,'nauka'),(104,879,'sport'),(104,937,'sport'),(105,12,'nauka'),(105,241,'sport'),(105,953,'nauka'),(106,192,'nauka'),(106,815,'sport'),(106,1008,'sport'),(108,181,'sport'),(108,562,'sport'),(108,992,'sport'),(111,71,'nauka'),(111,117,'nauka'),(111,955,'sport'),(111,996,'sport'),(112,897,'sport'),(113,246,'nauka'),(113,568,'sport'),(113,626,'sport'),(114,194,'nauka'),(114,478,'nauka'),(114,714,'sport'),(114,728,'nauka'),(114,769,'nauka'),(116,369,'nauka'),(116,795,'nauka'),(117,124,'sport'),(117,141,'nauka'),(117,525,'sport'),(117,642,'nauka'),(117,856,'nauka'),(118,147,'sport'),(119,32,'nauka'),(119,119,'nauka'),(119,573,'nauka'),(119,879,'sport'),(119,882,'nauka'),(120,233,'nauka'),(120,859,'nauka'),(122,497,'sport'),(122,972,'nauka'),(123,102,'nauka'),(123,591,'nauka'),(124,91,'sport'),(125,11,'sport'),(125,211,'sport'),(125,427,'nauka'),(125,600,'nauka'),(125,742,'sport'),(126,232,'nauka'),(126,679,'sport'),(126,996,'sport'),(127,800,'nauka'),(128,737,'nauka'),(129,157,'sport'),(129,417,'nauka'),(129,1009,'nauka'),(130,245,'nauka'),(130,275,'nauka'),(130,292,'nauka'),(130,311,'sport'),(130,541,'nauka'),(130,942,'nauka'),(132,93,'nauka'),(132,820,'sport'),(133,120,'nauka'),(133,641,'sport'),(133,938,'sport'),(134,54,'nauka'),(135,758,'sport'),(135,877,'nauka'),(135,938,'sport'),(137,349,'sport'),(137,354,'nauka'),(137,371,'sport'),(137,761,'nauka'),(138,495,'nauka'),(138,736,'sport'),(139,351,'sport'),(139,644,'nauka'),(140,12,'nauka'),(140,426,'nauka'),(140,528,'nauka'),(140,638,'nauka'),(140,643,'nauka'),(140,651,'nauka'),(140,888,'nauka'),(140,944,'sport'),(142,205,'nauka'),(142,931,'nauka'),(142,996,'nauka'),(143,76,'sport'),(143,954,'nauka'),(144,257,'nauka'),(144,517,'nauka'),(144,754,'nauka'),(144,788,'sport'),(147,177,'nauka'),(148,37,'sport'),(148,760,'sport'),(150,60,'sport'),(150,349,'sport'),(151,11,'nauka'),(151,194,'nauka'),(152,306,'sport'),(152,324,'nauka'),(152,877,'nauka'),(153,104,'sport'),(153,209,'nauka'),(153,211,'sport'),(153,624,'sport'),(154,268,'nauka'),(154,598,'sport'),(154,746,'sport'),(154,753,'nauka'),(154,953,'sport'),(154,1004,'sport'),(155,377,'sport'),(155,831,'nauka'),(156,67,'sport'),(156,551,'nauka'),(157,419,'sport'),(157,613,'sport'),(157,636,'nauka'),(157,940,'nauka'),(158,698,'sport'),(158,919,'sport'),(159,53,'sport'),(159,272,'sport'),(159,617,'nauka'),(159,619,'nauka'),(160,6,'sport'),(160,80,'sport'),(160,596,'sport'),(160,779,'nauka'),(160,840,'sport'),(160,971,'sport'),(161,135,'sport'),(161,509,'sport'),(161,758,'sport'),(162,70,'nauka'),(162,414,'nauka'),(162,812,'nauka'),(162,907,'nauka'),(163,281,'sport'),(163,366,'sport'),(163,441,'sport'),(163,506,'nauka'),(165,287,'sport'),(165,723,'sport'),(166,612,'nauka'),(168,69,'sport'),(168,104,'nauka'),(168,571,'nauka'),(168,881,'nauka'),(168,901,'nauka'),(168,903,'sport'),(169,115,'sport'),(169,222,'sport'),(170,310,'sport'),(170,331,'sport'),(170,916,'sport'),(171,422,'nauka'),(171,536,'sport'),(171,636,'sport'),(171,943,'sport'),(173,199,'nauka'),(173,589,'sport'),(173,980,'sport'),(174,456,'nauka'),(175,596,'nauka'),(177,139,'sport'),(177,203,'nauka'),(177,425,'sport'),(177,985,'nauka'),(178,117,'sport'),(178,383,'sport'),(178,793,'nauka'),(179,61,'nauka'),(179,189,'sport'),(179,272,'nauka'),(180,134,'sport'),(180,340,'nauka'),(181,487,'sport'),(181,831,'sport'),(182,34,'sport'),(182,177,'sport'),(182,540,'sport'),(182,544,'nauka'),(182,558,'sport'),(182,600,'nauka'),(182,775,'nauka'),(182,825,'sport'),(183,84,'nauka'),(183,263,'nauka'),(183,427,'nauka'),(183,810,'nauka'),(185,398,'sport'),(185,633,'nauka'),(185,876,'nauka'),(186,549,'sport'),(187,826,'nauka'),(188,491,'sport'),(188,844,'nauka'),(189,845,'sport'),(190,460,'sport'),(190,534,'nauka'),(190,708,'nauka'),(191,579,'sport'),(191,738,'sport'),(191,963,'nauka'),(192,19,'sport'),(192,179,'sport'),(192,261,'nauka'),(192,862,'sport'),(193,225,'nauka'),(193,288,'nauka'),(193,327,'nauka'),(193,461,'sport'),(193,481,'sport'),(193,926,'nauka'),(194,463,'nauka'),(194,671,'sport'),(195,651,'sport'),(196,165,'sport'),(196,796,'sport'),(197,357,'sport'),(197,358,'nauka'),(197,533,'nauka'),(197,555,'sport'),(198,19,'nauka'),(198,76,'nauka'),(198,891,'sport'),(198,893,'nauka'),(200,10,'sport'),(200,263,'nauka'),(200,513,'sport'),(200,752,'nauka'),(200,817,'sport'),(201,399,'nauka'),(201,421,'nauka'),(201,766,'sport'),(201,957,'nauka'),(202,66,'nauka'),(202,143,'nauka'),(204,924,'nauka'),(204,972,'nauka'),(206,381,'sport'),(206,697,'nauka'),(206,779,'nauka'),(206,832,'sport'),(206,875,'nauka'),(206,911,'nauka'),(207,104,'sport'),(207,250,'nauka'),(208,235,'sport'),(208,410,'sport'),(210,352,'nauka'),(211,901,'nauka'),(212,452,'nauka'),(212,546,'nauka'),(212,750,'sport'),(213,323,'nauka'),(213,496,'sport'),(213,701,'nauka'),(213,719,'nauka'),(214,240,'nauka'),(214,647,'sport'),(216,393,'nauka'),(216,571,'sport'),(216,602,'nauka'),(216,697,'sport'),(217,374,'sport'),(217,851,'sport'),(217,862,'sport'),(219,108,'sport'),(219,677,'sport'),(219,812,'nauka'),(219,907,'sport'),(220,9,'sport'),(220,154,'sport'),(220,189,'nauka'),(220,374,'sport'),(220,809,'sport'),(220,831,'nauka'),(221,554,'nauka'),(221,599,'sport'),(222,173,'sport'),(223,67,'nauka'),(223,644,'sport'),(223,977,'sport'),(225,398,'sport'),(225,409,'sport'),(225,857,'sport'),(225,980,'sport'),(226,588,'sport'),(227,11,'sport'),(227,292,'sport'),(227,540,'sport'),(227,816,'nauka'),(227,913,'nauka'),(228,238,'nauka'),(229,294,'sport'),(229,614,'nauka'),(229,891,'sport'),(229,1000,'sport'),(230,494,'sport'),(230,987,'nauka'),(231,59,'nauka'),(231,275,'nauka'),(231,454,'nauka'),(231,583,'nauka'),(232,310,'nauka'),(232,474,'sport'),(232,676,'sport'),(235,139,'nauka'),(235,397,'sport'),(236,350,'sport'),(236,505,'nauka'),(236,607,'sport'),(237,25,'sport'),(237,42,'nauka'),(237,131,'nauka'),(237,163,'sport'),(237,954,'nauka'),(238,41,'nauka'),(238,63,'nauka'),(238,815,'nauka'),(238,994,'nauka'),(239,389,'nauka'),(239,683,'nauka'),(239,821,'sport'),(239,988,'sport'),(241,99,'sport'),(241,245,'sport'),(241,747,'sport'),(242,882,'sport'),(243,415,'nauka'),(243,475,'nauka'),(243,537,'sport'),(244,301,'nauka'),(244,844,'sport'),(244,849,'nauka'),(245,754,'sport'),(246,15,'sport'),(246,117,'nauka'),(246,887,'sport'),(247,279,'nauka'),(247,364,'nauka'),(247,468,'nauka'),(247,642,'sport'),(247,969,'nauka'),(248,363,'nauka'),(248,458,'nauka'),(248,513,'sport'),(248,571,'sport'),(248,926,'sport'),(248,989,'nauka'),(250,198,'sport'),(251,533,'nauka'),(251,570,'sport'),(251,581,'sport'),(252,12,'sport'),(252,957,'nauka'),(252,995,'nauka'),(253,387,'sport'),(253,796,'sport'),(254,333,'sport'),(254,602,'nauka'),(254,700,'nauka'),(254,772,'nauka'),(255,275,'nauka'),(255,378,'nauka'),(255,922,'nauka'),(256,380,'nauka'),(256,403,'sport'),(257,109,'sport'),(258,215,'nauka'),(258,350,'nauka'),(258,377,'nauka'),(258,868,'nauka'),(258,924,'sport'),(259,595,'sport'),(260,377,'sport'),(260,827,'sport'),(260,1000,'sport'),(261,270,'sport'),(261,995,'nauka'),(262,232,'nauka'),(262,283,'sport'),(262,332,'sport'),(262,336,'nauka'),(262,824,'nauka'),(262,933,'nauka'),(263,451,'nauka'),(263,535,'sport'),(264,27,'sport'),(264,821,'nauka'),(265,833,'nauka'),(265,896,'sport'),(266,28,'nauka'),(266,287,'sport'),(266,353,'nauka'),(266,548,'sport'),(267,123,'sport'),(267,725,'nauka'),(267,791,'sport'),(269,645,'sport'),(269,657,'sport'),(269,733,'nauka'),(270,407,'nauka'),(270,525,'sport'),(271,134,'nauka'),(271,230,'nauka'),(271,467,'sport'),(276,191,'nauka'),(276,671,'nauka'),(279,66,'nauka'),(279,277,'nauka'),(279,367,'sport'),(279,767,'sport'),(281,54,'sport'),(282,148,'sport'),(282,624,'nauka'),(283,88,'sport'),(283,177,'nauka'),(283,616,'sport'),(283,751,'nauka'),(283,772,'nauka'),(283,909,'sport'),(284,734,'sport'),(285,110,'sport'),(285,495,'sport'),(285,663,'sport'),(286,30,'nauka'),(286,120,'sport'),(286,643,'nauka'),(286,976,'sport'),(289,55,'sport'),(289,799,'nauka'),(289,805,'sport'),(289,995,'sport'),(290,183,'nauka'),(290,395,'nauka'),(290,629,'sport'),(291,216,'nauka'),(291,328,'sport'),(291,798,'sport'),(292,293,'nauka'),(292,437,'nauka'),(292,472,'sport'),(292,651,'sport'),(293,276,'nauka'),(293,396,'nauka'),(294,92,'sport'),(294,301,'sport'),(294,566,'nauka'),(295,245,'sport'),(295,379,'nauka'),(295,721,'nauka'),(295,790,'nauka'),(296,122,'nauka'),(296,481,'nauka'),(296,809,'nauka'),(296,998,'sport'),(297,401,'nauka'),(297,903,'sport'),(298,277,'nauka'),(298,683,'sport'),(298,944,'sport'),(299,425,'sport'),(299,502,'sport'),(7001,657,'inne'),(7002,174,'inne'),(7002,899,'inne'),(7003,898,'inne'),(7007,152,'inne'),(7010,185,'inne'),(7011,169,'inne'),(7011,304,'inne'),(7012,121,'inne'),(7012,988,'inne'),(7013,566,'inne'),(7013,908,'inne'),(7014,260,'inne'),(7014,443,'inne'),(7015,583,'inne'),(7015,982,'inne'),(7017,792,'inne'),(7019,372,'inne'),(7019,396,'inne'),(7023,375,'inne'),(7026,894,'inne'),(7027,92,'inne'),(7027,356,'inne'),(7028,45,'inne'),(7031,626,'inne'),(7032,918,'inne'),(7035,118,'inne'),(7038,272,'inne'),(7039,785,'inne'),(7040,214,'inne'),(7041,478,'inne'),(7042,759,'inne'),(7043,129,'inne'),(7044,405,'inne'),(7044,549,'inne'),(7044,676,'inne'),(7045,476,'inne'),(7046,601,'inne'),(7046,970,'inne'),(7046,1006,'inne'),(7048,334,'inne'),(7050,110,'inne'),(7050,447,'inne'),(7053,465,'inne'),(7054,348,'inne'),(7054,846,'inne'),(7055,368,'inne'),(7055,376,'inne'),(7057,22,'inne'),(7057,42,'inne'),(7057,125,'inne'),(7060,665,'inne'),(7062,631,'inne'),(7063,524,'inne'),(7068,300,'inne'),(7069,772,'inne'),(7070,713,'inne'),(7071,243,'inne'),(7071,970,'inne'),(7073,449,'inne'),(7076,704,'inne'),(7076,983,'inne'),(7078,266,'inne'),(7079,356,'inne'),(7079,582,'inne'),(7080,757,'inne'),(7084,18,'inne'),(7087,959,'inne'),(7089,930,'inne'),(7090,437,'inne'),(7091,629,'inne'),(7092,192,'inne'),(7093,335,'inne'),(7096,584,'inne'),(7096,865,'inne'),(7097,363,'inne'),(7099,229,'inne'),(7100,801,'inne'),(7100,884,'inne'),(7102,499,'inne'),(7102,523,'inne'),(7102,903,'inne'),(7104,765,'inne'),(7104,930,'inne'),(7105,45,'inne'),(7106,347,'inne'),(7110,57,'inne'),(7110,135,'inne'),(7110,991,'inne'),(7112,46,'inne'),(7112,511,'inne'),(7113,112,'inne'),(7114,109,'inne'),(7115,37,'inne'),(7115,581,'inne'),(7116,348,'inne'),(7119,800,'inne'),(7123,329,'inne'),(7124,165,'inne'),(7126,43,'inne'),(7126,372,'inne'),(7126,696,'inne'),(7127,239,'inne'),(7127,537,'inne'),(7127,554,'inne'),(7128,102,'inne'),(7130,582,'inne'),(7133,71,'inne'),(7135,779,'inne'),(7137,170,'inne'),(7138,482,'inne'),(7138,885,'inne'),(7139,118,'inne'),(7140,16,'inne'),(7140,580,'inne'),(7146,474,'inne'),(7148,381,'inne'),(7148,921,'inne'),(7150,514,'inne'),(7151,701,'inne'),(7151,733,'inne'),(7151,840,'inne'),(7154,558,'inne'),(7156,441,'inne'),(7156,927,'inne'),(7157,150,'inne'),(7158,505,'inne'),(7158,606,'inne'),(7159,28,'inne'),(7159,670,'inne'),(7160,487,'inne'),(7160,740,'inne'),(7160,888,'inne'),(7161,807,'inne'),(7161,888,'inne'),(7162,291,'inne'),(7164,137,'inne'),(7164,964,'inne'),(7166,505,'inne'),(7168,944,'inne'),(7169,467,'inne'),(7170,488,'inne'),(7170,789,'inne'),(7171,631,'inne'),(7171,986,'inne'),(7173,753,'inne'),(7175,488,'inne'),(7177,677,'inne'),(7184,981,'inne'),(7185,687,'inne'),(7186,856,'inne'),(7186,886,'inne'),(7186,942,'inne'),(7187,87,'inne'),(7187,392,'inne'),(7190,811,'inne'),(7191,612,'inne'),(7194,752,'inne'),(7196,62,'inne'),(7197,6,'inne'),(7200,201,'inne'),(7204,452,'inne'),(7205,656,'inne'),(7207,150,'inne'),(7207,512,'inne'),(7207,734,'inne'),(7209,676,'inne'),(7210,526,'inne'),(7212,19,'inne'),(7213,906,'inne'),(7219,844,'inne'),(7221,421,'inne'),(7221,793,'inne'),(7222,903,'inne'),(7223,4,'inne'),(7224,499,'inne'),(7226,29,'inne'),(7229,306,'inne'),(7231,591,'inne'),(7232,692,'inne'),(7233,204,'inne'),(7234,187,'inne'),(7234,414,'inne'),(7234,850,'inne'),(7237,672,'inne'),(7237,751,'inne'),(7238,753,'inne'),(7239,67,'inne'),(7241,98,'inne'),(7241,840,'inne'),(7245,388,'inne'),(7245,994,'inne'),(7246,333,'inne'),(7246,407,'inne'),(7248,174,'inne'),(7248,667,'inne'),(7251,585,'inne'),(7252,552,'inne'),(7254,649,'inne'),(7259,838,'inne'),(7260,998,'inne'),(7261,462,'inne'),(7262,554,'inne'),(7262,719,'inne'),(7263,73,'inne'),(7268,173,'inne'),(7269,11,'inne'),(7273,833,'inne'),(7274,811,'inne'),(7274,815,'inne'),(7276,162,'inne'),(7278,438,'inne'),(7280,52,'inne'),(7280,56,'inne'),(7281,463,'inne'),(7284,19,'inne'),(7285,103,'inne'),(7286,160,'inne'),(7286,555,'inne'),(7289,154,'inne'),(7289,737,'inne'),(7292,710,'inne'),(7293,351,'inne'),(7294,286,'inne'),(7295,565,'inne'),(7295,996,'inne'),(7297,160,'inne'),(7297,206,'inne'),(7297,882,'inne'),(7301,707,'inne'),(7302,671,'inne'),(7303,873,'inne'),(7303,995,'inne'),(7310,522,'inne'),(7312,691,'inne'),(7313,489,'inne'),(7314,699,'inne'),(7317,784,'inne'),(7317,817,'inne'),(7317,997,'inne'),(7320,241,'inne'),(7323,277,'inne'),(7324,253,'inne'),(7325,345,'inne'),(7325,610,'inne'),(7328,626,'inne'),(7331,29,'inne'),(7331,150,'inne'),(7331,820,'inne'),(7331,931,'inne'),(7335,949,'inne'),(7336,537,'inne'),(7338,574,'inne'),(7340,218,'inne'),(7340,723,'inne'),(7342,599,'inne'),(7342,891,'inne'),(7344,284,'inne'),(7347,759,'inne'),(7348,162,'inne'),(7350,21,'inne'),(7352,18,'inne'),(7352,945,'inne'),(7353,685,'inne'),(7353,818,'inne'),(7355,390,'inne'),(7360,468,'inne'),(7360,549,'inne'),(7360,1004,'inne'),(7361,732,'inne'),(7363,739,'inne'),(7364,540,'inne'),(7364,659,'inne'),(7365,560,'inne'),(7366,422,'inne'),(7366,653,'inne'),(7366,834,'inne'),(7367,685,'inne'),(7368,31,'inne'),(7370,900,'inne'),(7374,168,'inne'),(7374,383,'inne'),(7375,634,'inne'),(7376,646,'inne'),(7377,112,'inne'),(7379,108,'inne'),(7384,434,'inne'),(7385,546,'inne'),(7386,591,'inne'),(7387,444,'inne'),(7387,870,'inne'),(7388,367,'inne'),(7389,140,'inne'),(7390,417,'inne'),(7391,693,'inne'),(7392,151,'inne'),(7393,995,'inne'),(7394,803,'inne'),(7396,401,'inne'),(7396,418,'inne'),(7402,402,'inne'),(7404,657,'inne'),(7406,534,'inne'),(7408,29,'inne'),(7411,683,'inne'),(7419,485,'inne'),(7420,77,'inne'),(7421,245,'inne'),(7422,688,'inne'),(7424,188,'inne'),(7424,484,'inne'),(7426,908,'inne'),(7428,806,'inne'),(7429,66,'inne'),(7429,187,'inne'),(7431,413,'inne'),(7431,578,'inne'),(7431,903,'inne'),(7431,996,'inne'),(7432,325,'inne'),(7433,282,'inne'),(7437,209,'inne'),(7443,274,'inne'),(7444,209,'inne'),(7444,522,'inne'),(7445,311,'inne'),(7445,419,'inne'),(7448,437,'inne'),(7449,17,'inne'),(7449,417,'inne'),(7449,457,'inne'),(7452,39,'inne'),(7452,267,'inne'),(7452,654,'inne'),(7452,943,'inne'),(7453,193,'inne'),(7453,815,'inne'),(7454,225,'inne'),(7455,320,'inne'),(7460,594,'inne'),(7464,268,'inne'),(7464,953,'inne'),(7465,137,'inne'),(7467,970,'inne'),(7468,728,'inne'),(7469,938,'inne'),(7472,623,'inne'),(7472,715,'inne'),(7478,986,'inne'),(7480,792,'inne'),(7481,275,'inne'),(7486,886,'inne'),(7487,822,'inne'),(7488,282,'inne'),(7490,184,'inne'),(7491,410,'inne'),(7491,500,'inne'),(7492,705,'inne'),(7492,967,'inne'),(7497,551,'inne'),(7498,450,'inne'),(7501,83,'inne'),(7501,606,'inne'),(7501,804,'inne'),(7501,905,'inne'),(7503,30,'inne'),(7504,376,'inne'),(7505,812,'inne'),(7506,357,'inne'),(7506,377,'inne'),(7509,800,'inne'),(7509,855,'inne'),(7509,878,'inne'),(7510,78,'inne'),(7510,403,'inne'),(7511,157,'inne'),(7514,625,'inne'),(7516,169,'inne'),(7517,90,'inne'),(7522,939,'inne'),(7524,449,'inne'),(7525,557,'inne'),(7525,595,'inne'),(7525,743,'inne'),(7526,588,'inne'),(7526,991,'inne'),(7527,84,'inne'),(7527,492,'inne'),(7527,504,'inne'),(7529,66,'inne'),(7529,221,'inne'),(7529,964,'inne'),(7530,601,'inne'),(7533,15,'inne'),(7534,25,'inne'),(7534,279,'inne'),(7537,194,'inne'),(7540,101,'inne'),(7540,512,'inne'),(7541,350,'inne'),(7542,121,'inne'),(7543,713,'inne'),(7546,350,'inne'),(7549,174,'inne'),(7549,334,'inne'),(7549,612,'inne'),(9999,9999,'sport');
/*!40000 ALTER TABLE `hobby` ENABLE KEYS */;
UNLOCK TABLES;
/*!50003 SET @saved_cs_client      = @@character_set_client */ ;
/*!50003 SET @saved_cs_results     = @@character_set_results */ ;
/*!50003 SET @saved_col_connection = @@collation_connection */ ;
/*!50003 SET character_set_client  = utf8mb4 */ ;
/*!50003 SET character_set_results = utf8mb4 */ ;
/*!50003 SET collation_connection  = utf8mb4_general_ci */ ;
/*!50003 SET @saved_sql_mode       = @@sql_mode */ ;
/*!50003 SET sql_mode              = 'STRICT_TRANS_TABLES,NO_ENGINE_SUBSTITUTION' */ ;
DELIMITER ;;
/*!50003 CREATE*/ /*!50017 DEFINER=`root`@`localhost`*/ /*!50003 TRIGGER `zad11` BEFORE INSERT ON `hobby` FOR EACH ROW BEGIN
INSERT IGNORE INTO osoba VALUES (NEW.osoba, LEFT(MD5(RAND()),6), LEFT(MD5(RAND()),6), (SELECT date FROM randomDate), ELT(FLOOR(RAND()*2)+1,'m','f'));
IF NEW.typ='sport' THEN
INSERT IGNORE INTO sport VALUES (NEW.id, LEFT(MD5(RAND()),6), ELT(FLOOR(RAND()*3)+1,'indywidualny', 'drużynowy', 'mieszany'), LEFT(MD5(RAND()),6));
ELSEIF NEW.typ='nauka' THEN
INSERT IGNORE INTO nauka VALUES (NEW.id, LEFT(MD5(RAND()),6), LEFT(MD5(RAND()),6));
ELSEIF NEW.typ='inne' THEN
INSERT IGNORE INTO inne VALUES (NEW.id, LEFT(MD5(RAND()),6), LEFT(MD5(RAND()),6), ELT(FLOOR(RAND()*2)+1, TRUE, FALSE) );
END IF;
END */;;
DELIMITER ;
/*!50003 SET sql_mode              = @saved_sql_mode */ ;
/*!50003 SET character_set_client  = @saved_cs_client */ ;
/*!50003 SET character_set_results = @saved_cs_results */ ;
/*!50003 SET collation_connection  = @saved_col_connection */ ;

--
-- Temporary view structure for view `hobbyinfo`
--

DROP TABLE IF EXISTS `hobbyinfo`;
/*!50001 DROP VIEW IF EXISTS `hobbyinfo`*/;
SET @saved_cs_client     = @@character_set_client;
/*!50503 SET character_set_client = utf8mb4 */;
/*!50001 CREATE VIEW `hobbyinfo` AS SELECT 
 1 AS `typ`,
 1 AS `ilosc`*/;
SET character_set_client = @saved_cs_client;

--
-- Temporary view structure for view `hobbyuser`
--

DROP TABLE IF EXISTS `hobbyuser`;
/*!50001 DROP VIEW IF EXISTS `hobbyuser`*/;
SET @saved_cs_client     = @@character_set_client;
/*!50503 SET character_set_client = utf8mb4 */;
/*!50001 CREATE VIEW `hobbyuser` AS SELECT 
 1 AS `id`,
 1 AS `imię`,
 1 AS `iloscHobby`,
 1 AS `iloscZwierzaki`*/;
SET character_set_client = @saved_cs_client;

--
-- Table structure for table `inne`
--

DROP TABLE IF EXISTS `inne`;
/*!40101 SET @saved_cs_client     = @@character_set_client */;
/*!50503 SET character_set_client = utf8mb4 */;
CREATE TABLE `inne` (
  `id` int(11) NOT NULL AUTO_INCREMENT,
  `nazwa` varchar(20) NOT NULL,
  `lokacja` varchar(20) DEFAULT NULL,
  `towarzysze` tinyint(1) NOT NULL DEFAULT '1',
  PRIMARY KEY (`id`),
  UNIQUE KEY `indexInne` (`nazwa`,`id`)
) ENGINE=InnoDB AUTO_INCREMENT=7550 DEFAULT CHARSET=utf8mb4 COLLATE=utf8mb4_0900_ai_ci;
/*!40101 SET character_set_client = @saved_cs_client */;

--
-- Dumping data for table `inne`
--

LOCK TABLES `inne` WRITE;
/*!40000 ALTER TABLE `inne` DISABLE KEYS */;
INSERT INTO `inne` VALUES (7000,'2b5138','d44709',0),(7001,'f9af0b','570d57',1),(7002,'72da7c','727a7b',1),(7003,'4baf26','3dda5e',1),(7004,'0227e2','154605',1),(7005,'86b6b8','629235',0),(7006,'a3d6d4','ecf9ad',0),(7007,'f5330a','3c5e24',1),(7008,'1350b1','e79e6d',1),(7009,'ea9eb9','a0534a',1),(7010,'57a5d4','e3bca9',0),(7011,'1cf85f','c68863',0),(7012,'715b4f','64bb33',0),(7013,'b0bbec','f3313b',0),(7014,'201cb4','7506e5',1),(7015,'83647a','f16b77',0),(7016,'1f4f67','10b640',1),(7017,'430e2b','4085f8',1),(7018,'fe436d','87b629',1),(7019,'6beebb','c5f97a',0),(7020,'daea1d','b8fec8',1),(7021,'68acb2','1f75f2',1),(7022,'554546','fe50e3',1),(7023,'b26e5f','655562',1),(7024,'7791b8','b2e94b',0),(7025,'365503','17ec57',0),(7026,'d235fc','92511c',0),(7027,'39474c','956568',1),(7028,'cb1b48','506e7b',0),(7029,'163ca8','3b3c14',1),(7030,'f1573b','75f2e0',1),(7031,'893e78','6862ae',1),(7032,'f01a11','11b6e7',0),(7033,'df43cc','4c5481',0),(7034,'2c01d9','fa482d',1),(7035,'017b64','912e9e',1),(7036,'ee4818','bdffa9',0),(7037,'2d4da9','ea13e9',0),(7038,'2e4526','761c11',1),(7039,'232b5f','21cd54',1),(7040,'6c0dd3','481c6f',0),(7041,'912aae','5f95f6',0),(7042,'3f6ac0','13c8d0',1),(7043,'438836','743568',1),(7044,'ab0ce4','fbdb6a',1),(7045,'f60fdc','6ee2d1',0),(7046,'7b7be3','7c4207',0),(7047,'542dc3','c41a1f',0),(7048,'2b98e5','1df7e7',1),(7049,'9e0241','21ddc0',0),(7050,'1abd0d','980928',0),(7051,'e84fc0','54bc5b',1),(7052,'a48876','f000e5',1),(7053,'526947','b87a78',1),(7054,'70db21','69c7e6',0),(7055,'f7a328','a4050d',0),(7056,'f480dc','3c45c1',0),(7057,'0273b2','85eee2',1),(7058,'9b98c0','65aa46',1),(7059,'6e070f','2f5ffc',0),(7060,'fd3ff7','9be047',1),(7061,'89d04d','ce546c',1),(7062,'3f7418','2b87c1',1),(7063,'26dd56','75a654',0),(7064,'e7a8ec','393b96',0),(7065,'66a8ca','7fe9c0',1),(7066,'046b5a','9020b1',1),(7067,'0d838d','e36254',0),(7068,'c11e71','334a07',0),(7069,'9e6477','aef5df',1),(7070,'5753ab','1535cb',1),(7071,'eff209','6f5999',1),(7072,'a74de4','a5be2c',0),(7073,'a63074','1d3c89',1),(7074,'73d4d2','259f88',0),(7075,'8da8d5','c24cf1',0),(7076,'d96fc7','e3eb1f',0),(7077,'316fbc','e7434f',1),(7078,'e4e0c5','8bf6ed',0),(7079,'b19908','be9ee4',0),(7080,'d6dc4f','b319c5',1),(7081,'1817c2','305c4a',0),(7082,'a51346','f9d24c',0),(7083,'15cda0','f80428',1),(7084,'5158de','e86f64',1),(7085,'540aa0','1740ff',0),(7086,'78b277','00da2a',0),(7087,'ca5832','6985ed',0),(7088,'4fbbbd','15b626',1),(7089,'c3729d','1cf83d',1),(7090,'60cedb','8042a3',0),(7091,'1f8c9a','fb510d',0),(7092,'fe5a79','91d920',0),(7093,'700736','f0575b',1),(7094,'64b843','56b91f',0),(7095,'409a97','5aaac8',1),(7096,'7ca7a3','495dca',0),(7097,'0f7188','3b73e9',0),(7098,'8ab7d4','9b0e5d',1),(7099,'771dd5','63cb3e',0),(7100,'a8cce8','a1c814',0),(7101,'ace2b4','189fcb',0),(7102,'a51788','fc4b86',0),(7103,'d7e616','ba5392',0),(7104,'74453b','b85c29',0),(7105,'e12b9f','ebf726',1),(7106,'12c6dd','051cfc',1),(7107,'a021e5','a94685',1),(7108,'37e736','796b47',0),(7109,'30af64','6ff1b0',1),(7110,'e6830e','9f3ae8',0),(7111,'d6d8dd','d62c77',1),(7112,'2d3bc3','8acdff',1),(7113,'399b22','96f001',1),(7114,'1ea0cc','6d9280',1),(7115,'459035','974c4a',1),(7116,'3e98e7','314b1c',1),(7117,'ba592c','b435f8',0),(7118,'966972','ec2d4b',0),(7119,'08a3b0','3879d0',1),(7120,'c1544b','e57334',1),(7121,'f4df8e','e0599f',1),(7122,'f3979a','f0ae36',0),(7123,'f364bb','20db60',1),(7124,'34654f','8de68e',1),(7125,'c2b501','8c61e0',0),(7126,'8c0048','6a31ee',1),(7127,'31a6b7','1065d9',1),(7128,'3f22c2','88fbbc',1),(7129,'6b027d','f2c7dc',1),(7130,'3bb811','8c1a27',0),(7131,'23e062','cada94',0),(7132,'0639fa','af8c7e',0),(7133,'d821d4','716b9a',0),(7134,'1ba38b','251401',0),(7135,'d6466d','ac159b',0),(7136,'a82ef7','016c65',0),(7137,'187f11','b1e735',1),(7138,'e09740','6d7292',1),(7139,'e11ff5','1268b1',0),(7140,'3d63be','994cb5',1),(7141,'8757b5','b50239',0),(7142,'e68f66','4e9e9c',1),(7143,'e64b46','e855e6',1),(7144,'81d23a','ed2cfb',0),(7145,'6226d9','8ff511',1),(7146,'58e4cc','044aa3',0),(7147,'b7d128','ea0b0e',1),(7148,'43e3d6','813395',1),(7149,'8d76da','57f934',1),(7150,'a8933e','be529f',1),(7151,'07e925','961bc8',0),(7152,'c01580','01f761',1),(7153,'4a9bac','8721cf',1),(7154,'c7bb47','0f014a',0),(7155,'44b078','f2302b',1),(7156,'66b429','17c827',0),(7157,'a01bad','f7f7e5',0),(7158,'3b0892','7bdee8',0),(7159,'455779','aa73cc',0),(7160,'f6408d','8b108c',0),(7161,'de907e','405a00',1),(7162,'b44202','f056f7',0),(7163,'37f706','fe09fe',1),(7164,'096988','cb58ad',1),(7165,'efce65','7b9fe1',1),(7166,'6a68dd','0bd152',1),(7167,'b46e65','f619ae',1),(7168,'8eb03d','82147a',0),(7169,'328fb8','c3957c',0),(7170,'31e797','cd884a',0),(7171,'e12ed6','5dbe67',0),(7172,'10a935','289adf',1),(7173,'77482a','b785ab',1),(7174,'504560','74497e',1),(7175,'de1709','2572b0',0),(7176,'f0383b','0ce6e7',0),(7177,'85b3b7','19a4d7',1),(7178,'1da67a','4df897',1),(7179,'3c8eec','2d72cc',1),(7180,'e2cdf6','c1bee9',1),(7181,'8d438f','d3a0c1',0),(7182,'ea85e3','4f2b99',0),(7183,'d3d60e','74c1a6',0),(7184,'540658','58bb6e',1),(7185,'7dc485','5e44c8',1),(7186,'4647b6','12f297',1),(7187,'04a525','c8427e',0),(7188,'b3e50c','d3b0d9',1),(7189,'9a160a','332821',1),(7190,'fe29e2','70f788',1),(7191,'17e667','ddef01',1),(7192,'977329','c79bb3',0),(7193,'51bfcd','fdc50d',1),(7194,'6beb91','6211bb',1),(7195,'383b29','8b69dd',0),(7196,'d91448','f44298',0),(7197,'581123','eb0312',1),(7198,'6e2ef2','b64705',0),(7199,'ddc14f','43fced',0),(7200,'cdff73','b5b941',0),(7201,'9d52ef','c890bb',0),(7202,'eca441','756b75',1),(7203,'fd4be7','00bc5a',0),(7204,'3e1001','1c01d9',1),(7205,'bdd18f','8c3f0c',0),(7206,'dbc23a','c37b1c',0),(7207,'9853a9','ea353d',1),(7208,'0314fb','5d8775',0),(7209,'d20d78','851f51',1),(7210,'b32c39','d16008',1),(7211,'7778fa','0793f9',0),(7212,'9c3869','ba6942',0),(7213,'6bbc68','133e8d',0),(7214,'408c2e','c0e9f4',1),(7215,'925943','f1d2c0',0),(7216,'7d5855','a40862',0),(7217,'c2877d','af8c51',0),(7218,'956f4b','27353f',1),(7219,'1e994c','a5f79b',0),(7220,'87fb25','c97365',0),(7221,'76417e','624b0f',1),(7222,'9f0e84','bb829f',0),(7223,'94e2e3','0ecd4c',0),(7224,'619e17','263af9',0),(7225,'d37fd7','0ee628',0),(7226,'f4fe2e','211a46',1),(7227,'b7ab51','c4f227',1),(7228,'c843b3','428739',0),(7229,'3e5e0c','279886',1),(7230,'c2af0c','945733',1),(7231,'c8c067','40c40d',0),(7232,'5eff1b','9fb7d3',1),(7233,'1dfa1d','6ea5a4',1),(7234,'7cafb6','360239',1),(7235,'1e8f60','621531',0),(7236,'8c8696','43b2b4',0),(7237,'a121e3','1d611c',1),(7238,'ef1e4e','9d8193',0),(7239,'40b460','fff5f9',1),(7240,'d525ae','633a67',0),(7241,'3f25d2','cadd5d',1),(7242,'6dd7bb','cfae3c',1),(7243,'b6f415','30d5fb',0),(7244,'845939','662432',0),(7245,'9c906e','a75842',0),(7246,'1c302b','823413',0),(7247,'703aef','8777d0',0),(7248,'2b3bb0','4ffea2',0),(7249,'e36290','969ff5',0),(7250,'a32477','983c99',1),(7251,'832ea6','89d5a8',1),(7252,'3cdf91','33630d',1),(7253,'c1c380','3d7f08',0),(7254,'d663f0','1ac8e7',0),(7255,'cdf3f4','8114ca',1),(7256,'b26c3a','24e067',1),(7257,'c3f679','0d72c4',0),(7258,'626582','fc42c4',1),(7259,'3b061a','c6abc6',0),(7260,'8f6d08','f1890c',1),(7261,'6a21c6','d375ad',0),(7262,'0afceb','b5818b',0),(7263,'bf2f4e','b1804c',0),(7264,'6e5920','87e486',0),(7265,'7b9242','1d39b1',0),(7266,'5d1830','c21668',0),(7267,'5124f8','595ffb',1),(7268,'e50738','b50931',0),(7269,'cca965','50998b',1),(7270,'8539b0','ffe8fb',1),(7271,'abfbc6','b766d4',1),(7272,'c856f5','bac148',0),(7273,'c407ad','5b36d8',1),(7274,'48bbcc','373c0f',0),(7275,'380dda','684ca5',0),(7276,'5cd430','8a32ad',1),(7277,'c7bc03','83bb1f',0),(7278,'6a34dd','76a19b',1),(7279,'b638db','c13f75',0),(7280,'e3f25c','734339',0),(7281,'0f3848','c661a2',0),(7282,'66c273','9b061b',1),(7283,'98ff52','86f2ec',0),(7284,'6873b2','f31059',0),(7285,'a51f54','327b29',0),(7286,'fcd141','f5760c',1),(7287,'bb32c0','51a7cc',0),(7288,'3a3044','ccc0d9',1),(7289,'55f2c0','877d4e',1),(7290,'7ef615','ec98ab',0),(7291,'516ab8','15a992',0),(7292,'38da66','dde211',1),(7293,'76c42d','f7407b',1),(7294,'59f561','fac8a1',1),(7295,'3852fd','e55d31',1),(7296,'f4ccee','318349',1),(7297,'2bf28d','c9022a',1),(7298,'e24aed','61b0bf',1),(7299,'7115ac','72f351',1),(7300,'1900d5','51a1f4',0),(7301,'677713','14bc26',0),(7302,'90167f','d39b10',1),(7303,'31581e','83d7f2',0),(7304,'9e15bd','5a923d',1),(7305,'ae0b6d','ebc7b6',1),(7306,'87638f','05bdd0',0),(7307,'77c47d','e348b4',1),(7308,'5406d1','8c0ba7',0),(7309,'dc99b5','57a763',0),(7310,'70affd','fcfe23',0),(7311,'ff7af1','50e4d2',0),(7312,'8f9787','c20352',0),(7313,'b9b9e8','34c2d0',1),(7314,'cc5348','dd6b8b',0),(7315,'ea45b6','e37f5d',0),(7316,'66ba14','d32b67',1),(7317,'5568d7','4d848a',0),(7318,'2309ed','c8c23a',0),(7319,'27a548','abecdb',1),(7320,'83beb3','d1c814',0),(7321,'a8f66d','8a5f2b',1),(7322,'cb8817','0c161f',1),(7323,'bdba71','aeb5de',0),(7324,'902a42','6765ea',0),(7325,'ef3501','2d7629',0),(7326,'111dc1','45e707',0),(7327,'2a0a6b','6c8851',1),(7328,'e0db66','d0e1cd',0),(7329,'36ae59','b3aed5',1),(7330,'f284c7','9edc5c',0),(7331,'385df4','3a49a9',0),(7332,'e84c04','eaab3b',0),(7333,'8ed2da','2a2d2e',0),(7334,'3c906a','ee28c7',1),(7335,'53e6af','a79bf1',0),(7336,'f4dd86','8f8253',0),(7337,'855ff3','a0711a',1),(7338,'94d335','86f8f2',1),(7339,'fd136e','2cb719',0),(7340,'2d9bd8','7a84fe',0),(7341,'9ec7de','dec4d2',1),(7342,'40cd12','ad92b1',0),(7343,'d8d79f','11942d',1),(7344,'431479','539569',1),(7345,'ec1ae3','123193',0),(7346,'63831b','4c171d',0),(7347,'0b9b79','8105a8',0),(7348,'5e36cd','1178ea',0),(7349,'eb87bf','6ab570',0),(7350,'12ad6b','c40349',1),(7351,'c3b7f8','5c2aeb',1),(7352,'00f6cb','bb3cdb',0),(7353,'4dcda9','bb16d7',1),(7354,'c08008','678272',1),(7355,'5d54a8','132ae4',0),(7356,'fa5544','5fff8c',0),(7357,'75c393','b9b26b',0),(7358,'5fb61c','ef1467',1),(7359,'482393','d50e0c',0),(7360,'19669b','42c1c1',0),(7361,'3f0bb6','c17359',1),(7362,'d81c2f','582260',0),(7363,'d28077','9fca9b',1),(7364,'1c7dfc','c9b127',0),(7365,'a62c45','0e41a3',0),(7366,'51cbf9','0ea623',1),(7367,'ce166a','fa3b0c',0),(7368,'d82e51','aaa213',0),(7369,'a6ee76','791348',0),(7370,'e35ea1','971872',0),(7371,'eef144','786d18',1),(7372,'b555e2','d3ad8b',0),(7373,'f72892','c96fe8',1),(7374,'e67f36','01ad1e',1),(7375,'24772b','eb01ce',1),(7376,'52dd08','09294f',1),(7377,'b5e490','84e851',1),(7378,'e75c72','993c9b',0),(7379,'b1f4aa','54c64f',0),(7380,'60c3ac','e46fb4',1),(7381,'1c3afe','68e144',1),(7382,'6fc1fb','ff0513',1),(7383,'3414e5','94138a',0),(7384,'6e1ab8','36a193',0),(7385,'c48857','77887d',0),(7386,'83539f','3a519d',1),(7387,'a4518b','f37520',0),(7388,'c8ad19','f30f37',1),(7389,'f17f7f','fa01d2',1),(7390,'e2625d','026c92',1),(7391,'adc2a3','93b9c5',1),(7392,'a2047d','c05778',1),(7393,'7b60d0','6ad92b',1),(7394,'d47f23','cdb581',0),(7395,'075cd5','3552d1',0),(7396,'6accb0','f8e71c',0),(7397,'67cfc2','e0390e',1),(7398,'4e9837','7c0def',1),(7399,'b91f26','f2fe87',0),(7400,'ff736a','b36231',0),(7401,'f9c691','551490',0),(7402,'512b55','37fd44',1),(7403,'585263','c5a7b0',1),(7404,'04d03d','14e725',1),(7405,'128d10','27df0a',0),(7406,'82d81a','02766f',0),(7407,'fbc6b1','412919',0),(7408,'dce497','ba6ad5',0),(7409,'93aed2','9ffefa',1),(7410,'3136b1','c5311a',1),(7411,'dbda7f','9dd3c9',0),(7412,'7fc5d2','2e9106',1),(7413,'4a849a','98775b',1),(7414,'42f8e8','52955b',1),(7415,'146e17','fcfb66',0),(7416,'1416af','9dad2e',0),(7417,'61c6d2','0c6a9f',0),(7418,'59fe37','17ef83',1),(7419,'98b99c','7b0bd0',0),(7420,'f8237e','353181',1),(7421,'6eb779','299d8e',1),(7422,'a6d236','e47fb9',1),(7423,'5c6b84','0e9439',1),(7424,'5035e3','c0a3c0',0),(7425,'038f72','4a6bc7',1),(7426,'bc8ddf','5d23ac',1),(7427,'e1dea8','0be575',1),(7428,'6cee3f','d466fb',1),(7429,'b535c8','80d99a',1),(7430,'3d9029','94f47c',1),(7431,'d9652e','1640f3',1),(7432,'3032a8','5c0b33',1),(7433,'f72319','7ab1eb',0),(7434,'ffe05c','6da4aa',0),(7435,'50d5e4','8d20c1',0),(7436,'ea6ae1','b14cf3',0),(7437,'50560d','754992',0),(7438,'10561a','292dbb',1),(7439,'f412d9','7239c0',1),(7440,'0a3193','00c670',1),(7441,'1e21dd','afc9dd',1),(7442,'173a41','01ea98',0),(7443,'ce4bc2','7ba83d',0),(7444,'7c39df','b1d9df',1),(7445,'73f15b','fe7909',0),(7446,'adceb4','a5d509',1),(7447,'ca633a','fe8dc8',0),(7448,'3450cc','e990dc',0),(7449,'0914f8','633d3d',0),(7450,'a1f9f1','c99a0c',0),(7451,'0d5bde','7293af',1),(7452,'cc1d60','c5de29',1),(7453,'7c7451','5f933d',1),(7454,'8e626e','c98d86',0),(7455,'30e88a','ca724e',1),(7456,'04c907','bd6aba',0),(7457,'01887d','294d43',1),(7458,'309dd2','c2ac1b',0),(7459,'d062d3','da77d4',1),(7460,'7ea3f0','95d8c9',0),(7461,'320c74','acda14',1),(7462,'12c2f2','f9bf69',0),(7463,'36ebcc','18d932',1),(7464,'22d328','d0aaf0',1),(7465,'819cdb','7980c7',1),(7466,'5f735d','14112e',0),(7467,'2cc6f3','40bdaa',1),(7468,'bdd4ab','455bfd',0),(7469,'62b514','c8f985',1),(7470,'5cb468','34c8bb',1),(7471,'7e58f1','41c328',0),(7472,'a2a346','355590',0),(7473,'ff62d6','ea60e2',1),(7474,'05300f','f26205',0),(7475,'b03b2e','ad5de8',0),(7476,'78085a','47784d',1),(7477,'032b54','693c14',0),(7478,'f644b6','dba4f3',1),(7479,'6f507a','43b4c2',0),(7480,'7ef576','a3dea3',1),(7481,'20176a','8bc23a',0),(7482,'205dfc','aa4485',1),(7483,'d91d7f','82d014',0),(7484,'da4891','b86cdf',0),(7485,'79ec30','bc646b',1),(7486,'e76e68','30286d',0),(7487,'e38cec','ea465e',1),(7488,'df4b8d','3ba291',0),(7489,'865ac4','ffadd8',1),(7490,'61c354','119279',0),(7491,'e80839','28d695',1),(7492,'fcc4b7','0b6197',0),(7493,'c8bd13','fdb841',1),(7494,'bd9a9b','0053ee',0),(7495,'2f24d1','f03139',0),(7496,'5dc29f','7dba80',1),(7497,'1dc81d','2ba24a',1),(7498,'14854e','76a0fd',0),(7499,'ba9f76','151e19',1),(7500,'ee865a','a4578d',1),(7501,'947863','db4785',0),(7502,'b3f6df','5a441f',1),(7503,'531847','aec45d',1),(7504,'07c2d7','a3b92f',1),(7505,'c380c8','182102',1),(7506,'00da09','8195eb',1),(7507,'1ba56c','974592',1),(7508,'dc9a90','b1fffc',1),(7509,'6793db','d19d86',0),(7510,'7133d7','85ea35',1),(7511,'acd614','523e21',0),(7512,'6aff4e','515ff3',1),(7513,'c80337','4da36b',1),(7514,'ab0d67','3a6d14',0),(7515,'42618e','6c9733',1),(7516,'24ac07','f06004',1),(7517,'748505','e5117f',1),(7518,'967eb9','94841c',0),(7519,'036d54','150322',0),(7520,'9d2a9f','2b1b96',1),(7521,'4a6735','515971',1),(7522,'28c1d3','dafc5e',0),(7523,'5f995a','a81df8',0),(7524,'874982','ae3004',1),(7525,'0a7ab2','635b4f',0),(7526,'3ef027','0ec466',0),(7527,'a9bd37','f38b02',0),(7528,'6acbb2','5045e4',1),(7529,'8a6d9a','f81f85',1),(7530,'8b8678','e84071',1),(7531,'f4f1e7','e5efac',0),(7532,'d211b8','407132',1),(7533,'76ab99','60ef09',1),(7534,'5c243c','e5512c',0),(7535,'2ee7e6','e1c16f',1),(7536,'91e3db','317c77',1),(7537,'1b124d','ada6f0',0),(7538,'8f8eb2','edd8e3',1),(7539,'7c5bd5','1f8e16',0),(7540,'403990','7fe69c',0),(7541,'1d4813','02635e',0),(7542,'19b5cd','bb0138',0),(7543,'3cbd0e','56cc46',1),(7544,'92fb6d','e533bd',1),(7545,'589a76','63bdcc',0),(7546,'b96f06','58a7f5',0),(7547,'a7b510','55b336',1),(7548,'bcf7e5','b05303',0),(7549,'283667','acdac2',0);
/*!40000 ALTER TABLE `inne` ENABLE KEYS */;
UNLOCK TABLES;

--
-- Table structure for table `nauka`
--

DROP TABLE IF EXISTS `nauka`;
/*!40101 SET @saved_cs_client     = @@character_set_client */;
/*!50503 SET character_set_client = utf8mb4 */;
CREATE TABLE `nauka` (
  `id` int(11) NOT NULL AUTO_INCREMENT,
  `nazwa` varchar(20) NOT NULL,
  `lokacja` varchar(20) DEFAULT NULL,
  PRIMARY KEY (`id`)
) ENGINE=InnoDB AUTO_INCREMENT=301 DEFAULT CHARSET=utf8mb4 COLLATE=utf8mb4_0900_ai_ci;
/*!40101 SET character_set_client = @saved_cs_client */;

--
-- Dumping data for table `nauka`
--

LOCK TABLES `nauka` WRITE;
/*!40000 ALTER TABLE `nauka` DISABLE KEYS */;
INSERT INTO `nauka` VALUES (1,'0ff4be','981676'),(2,'b99423','8bde8f'),(3,'2e08ed','7bf925'),(4,'a125b0','6db6d1'),(5,'7e4eb5','002b7b'),(6,'716dc3','aedc54'),(7,'b1c420','12bc20'),(8,'9f6fbd','3a3b09'),(9,'896dce','72feec'),(10,'c87e04','7fd900'),(11,'da2fac','77f283'),(12,'2109d0','9f9917'),(13,'7fa7ca','33d9bb'),(14,'133fda','2b3718'),(15,'daf786','d369ac'),(16,'88b152','a5772f'),(17,'558ac9','68dd79'),(18,'da5dca','ca4afd'),(19,'c6166f','baa11e'),(20,'92bcaf','ffa61c'),(21,'10a98a','eb8795'),(22,'c68af4','d5afcf'),(23,'466146','d84f6c'),(24,'606fdc','6fe5b5'),(25,'1a5c4d','8e953e'),(26,'1f9353','0f2fc0'),(27,'3a13e4','3b04d0'),(28,'cf8b61','613c0b'),(29,'d84609','f03715'),(30,'86dbfb','4b8807'),(31,'bb0ead','060090'),(32,'dc153c','632583'),(33,'912db8','552f4c'),(34,'1f7095','b88acb'),(35,'0b4af1','22adbf'),(36,'251221','62266b'),(37,'781e5d','d19028'),(38,'5ebac6','a3add3'),(39,'87ce76','c25af5'),(40,'e6d8f2','3263bb'),(41,'b480eb','6abd06'),(42,'cf941e','e2214d'),(43,'5dbe6d','1cde78'),(44,'9536fc','665d28'),(45,'9e6f1b','1259f3'),(46,'12eead','e65568'),(47,'d9a5dc','669e98'),(48,'f4c7f7','3ff052'),(49,'e12ec3','d8f1db'),(50,'feecac','34ba58'),(51,'2bd2d1','b0ac7d'),(52,'1761aa','197c71'),(53,'5995ad','a1185b'),(54,'0be40f','814075'),(55,'c966bd','8c046c'),(56,'3a7530','c6283d'),(57,'02445e','e1a79d'),(58,'191546','4ce10f'),(59,'d7cbac','74f5ac'),(60,'a7d39a','3aa58e'),(61,'a4a4ad','818e6f'),(62,'49a422','20e09c'),(63,'1cadd0','cc1278'),(64,'439c90','1f9642'),(65,'2fc11c','903b5b'),(66,'3ac2c1','ef9e03'),(67,'af2cce','6180d3'),(68,'abf657','ff0998'),(69,'32a4a6','c72401'),(70,'c64dfd','3bea74'),(71,'b1e8ed','70e800'),(72,'a381c0','1aa248'),(73,'edd83a','e2d081'),(74,'a20308','9b8842'),(75,'cc3b2c','94092e'),(76,'53535e','3fdf38'),(77,'3f68c2','51772f'),(78,'430eb2','bbace3'),(79,'83fdae','cb7a0b'),(80,'d89e35','502ac1'),(81,'b587d6','1a1935'),(82,'b30877','d6269d'),(83,'0730c1','de140f'),(84,'58a31b','6ee752'),(85,'15f656','a7291f'),(86,'28ef65','a36573'),(87,'4bbd6d','18a126'),(88,'1a06ad','ae870f'),(89,'c66522','17e4d2'),(90,'c70756','1cdd6c'),(91,'e1c508','48c4c7'),(92,'683d8b','705e55'),(93,'798032','af1eaa'),(94,'17bfbe','855a4a'),(95,'151d69','7a1c32'),(96,'3e7ce8','4a2385'),(97,'66fa7b','190008'),(98,'aaa434','afe0bb'),(99,'8db86c','318c0c'),(100,'424fd3','3b9c35'),(101,'b9cc60','5d0130'),(102,'1124c2','34e1fa'),(103,'0f862b','d51f69'),(104,'476c8a','e1cddb'),(105,'f37ca0','f66e55'),(106,'3e7d71','f62a0f'),(107,'31de90','3df587'),(108,'b10c1b','4423a3'),(109,'57bc0e','de4ce1'),(110,'754b86','eea2ed'),(111,'6c5b50','37563e'),(112,'ace3fb','96fd5a'),(113,'45207a','e507ce'),(114,'1eb9f8','df6f5f'),(115,'239cc8','4432f4'),(116,'6453f0','629c6e'),(117,'d83933','e51fa0'),(118,'59fc51','1fcfe0'),(119,'2eba9b','118409'),(120,'726ad1','6b2290'),(121,'d287e4','6698e8'),(122,'388313','8f3f18'),(123,'088c33','c98f6b'),(124,'13142d','515cb2'),(125,'dd413b','2e8a36'),(126,'1e0e25','4d105f'),(127,'c633ac','ce4c52'),(128,'053268','368633'),(129,'3da4ac','ed4ef7'),(130,'24fcdd','8aabbf'),(131,'ddd78e','62675a'),(132,'4c509c','709e3d'),(133,'5b22b8','f76631'),(134,'1bb2ad','87ada7'),(135,'e693db','6ad9f9'),(136,'c24ff8','c945d5'),(137,'75a68f','f59e75'),(138,'0b4b5b','f504ff'),(139,'9e111e','53adcb'),(140,'87cd6c','a462af'),(141,'1c2066','9bef90'),(142,'9948f0','b8086f'),(143,'e82f94','3267c2'),(144,'8bc813','1665e6'),(145,'ba746f','157aed'),(146,'c711c3','6fb57c'),(147,'9ab52b','6e95ce'),(148,'c45169','69b1c9'),(149,'f48d48','06c089'),(150,'f60530','bba2d8'),(151,'9eb2f9','a34a49'),(152,'a78bc9','4604b9'),(153,'c33e01','52959a'),(154,'11445c','833d40'),(155,'03ba05','41b80c'),(156,'550033','425d71'),(157,'21c48d','0cc9fa'),(158,'432a0c','edfe31'),(159,'c5cefa','6015ae'),(160,'d09416','f970e7'),(161,'2d161e','46f299'),(162,'427039','6bfdec'),(163,'5322ce','bf0be0'),(164,'a44c45','284aab'),(165,'5a0db0','0e1efa'),(166,'2d7451','b0486d'),(167,'55beb8','e043a4'),(168,'f54d17','e657f7'),(169,'ab6fdb','a5dde8'),(170,'f88d3e','72df50'),(171,'910c8b','224945'),(172,'95b6de','1c2ab2'),(173,'75f9b3','c5a112'),(174,'ea5d2a','55b4e4'),(175,'006e07','72f299'),(176,'7dc49e','d602a7'),(177,'cdb393','0db821'),(178,'b54f11','460d59'),(179,'953238','14c971'),(180,'19bde0','d8820b'),(181,'134488','0aec92'),(182,'fb6e2d','e4c985'),(183,'0e5fad','b5a421'),(184,'39a06d','44d8a9'),(185,'e986d2','74a60b'),(186,'ee7b7e','472153'),(187,'1c494f','730dd1'),(188,'20baa9','df2214'),(189,'d9a2fa','0cb86f'),(190,'81fd1c','aaaf52'),(191,'97706e','5bb81f'),(192,'7d5704','407036'),(193,'5eabe2','4da737'),(194,'455f60','023514'),(195,'99abad','fcc272'),(196,'510d6e','997f91'),(197,'ede04a','ae8bef'),(198,'968350','869db4'),(199,'ef3c78','97e712'),(200,'dcfdbd','ce3fc1'),(201,'b1b3fe','923d40'),(202,'511e75','9190b8'),(203,'5588ac','1449c6'),(204,'10ef2c','039e4b'),(205,'b45716','f7fe45'),(206,'8626ad','a1d60a'),(207,'756837','3b3c80'),(208,'c033fb','f20d19'),(209,'8ab5a6','0d56eb'),(210,'ed6f96','5945af'),(211,'8245ae','6534c3'),(212,'127544','ea3578'),(213,'ed37c9','2f7100'),(214,'08c735','0618dc'),(215,'9ed3ed','0ac175'),(216,'0bc4d4','b4b1a9'),(217,'edccf2','437f3c'),(218,'3d5336','a3eb11'),(219,'023bc6','98be48'),(220,'893b1a','7ba6f9'),(221,'40893c','7321be'),(222,'b1e391','85c134'),(223,'d821b6','8eca9b'),(224,'53e5dd','a46fdb'),(225,'1aa491','17ef31'),(226,'de85ef','7bfd1d'),(227,'d6f8d3','462cb7'),(228,'663d99','28f8f5'),(229,'908519','ffa9d0'),(230,'d0796b','04b23f'),(231,'698993','ba6c34'),(232,'f3f814','0b76ba'),(233,'2f2312','0b775d'),(234,'6ff6cd','16b64a'),(235,'bdba0a','e76848'),(236,'339831','f5e158'),(237,'b5d1a6','a93a1d'),(238,'8c583d','2f5543'),(239,'e0fc9d','30daa6'),(240,'4ca577','a9ea50'),(241,'74a1b3','3667dd'),(242,'01b741','ceb991'),(243,'9b5653','17b613'),(244,'a15c4b','c7ff6a'),(245,'4954f7','a909c0'),(246,'4ecd57','b48893'),(247,'3fd9ba','97e995'),(248,'430f99','3843a0'),(249,'86d59c','edf269'),(250,'1a433d','573f52'),(251,'aa41cd','cdb8fe'),(252,'6f34cc','5d1c2b'),(253,'cca709','8a3348'),(254,'a102d9','ae2866'),(255,'ef6845','f1dd31'),(256,'057827','dcf87f'),(257,'af4dc5','e90834'),(258,'a0a0b9','e221da'),(259,'f624dd','186453'),(260,'20be5e','d2a4d9'),(261,'fd1b5e','c68749'),(262,'e95b18','ba6ed2'),(263,'a20160','9335cc'),(264,'81af73','36ef64'),(265,'ff5d99','edc247'),(266,'746c00','6d3e1f'),(267,'919fe7','846b81'),(268,'134347','55e0f9'),(269,'01180c','71fbde'),(270,'17e963','6b67aa'),(271,'f42577','afde1b'),(272,'c58d6c','e8fac9'),(273,'d4d098','b2be49'),(274,'c043fa','2f5f0a'),(275,'f26998','b83928'),(276,'6405cc','0d46e1'),(277,'06ab00','1534b5'),(278,'add926','e0923a'),(279,'502d73','e940ff'),(280,'435d74','9113db'),(281,'1182b4','f78afe'),(282,'fff37a','6ba396'),(283,'7a8a6f','673a77'),(284,'9023b4','b12b2e'),(285,'3de104','758ca9'),(286,'579a5f','fe17db'),(287,'7ddfdc','e09e8a'),(288,'90d986','2db8f9'),(289,'f9ecc5','327294'),(290,'c35bd0','dfc2f0'),(291,'a63c6a','e605c3'),(292,'065930','d39d7d'),(293,'e59e3a','d2a3a3'),(294,'c474e8','b379f7'),(295,'04ee03','8d68fc'),(296,'233fb9','6685eb'),(297,'da574c','e185f8'),(298,'8f1b02','54baed'),(299,'92d7b0','3fbd45'),(300,'786cc5','c62d09');
/*!40000 ALTER TABLE `nauka` ENABLE KEYS */;
UNLOCK TABLES;
/*!50003 SET @saved_cs_client      = @@character_set_client */ ;
/*!50003 SET @saved_cs_results     = @@character_set_results */ ;
/*!50003 SET @saved_col_connection = @@collation_connection */ ;
/*!50003 SET character_set_client  = utf8mb4 */ ;
/*!50003 SET character_set_results = utf8mb4 */ ;
/*!50003 SET collation_connection  = utf8mb4_general_ci */ ;
/*!50003 SET @saved_sql_mode       = @@sql_mode */ ;
/*!50003 SET sql_mode              = 'STRICT_TRANS_TABLES,NO_ENGINE_SUBSTITUTION' */ ;
DELIMITER ;;
/*!50003 CREATE*/ /*!50017 DEFINER=`root`@`localhost`*/ /*!50003 TRIGGER `zad13` BEFORE DELETE ON `nauka` FOR EACH ROW BEGIN
DELETE FROM hobby WHERE hobby.id = OLD.ID AND hobby.typ = 'nauka';
END */;;
DELIMITER ;
/*!50003 SET sql_mode              = @saved_sql_mode */ ;
/*!50003 SET character_set_client  = @saved_cs_client */ ;
/*!50003 SET character_set_results = @saved_cs_results */ ;
/*!50003 SET collation_connection  = @saved_col_connection */ ;

--
-- Table structure for table `osoba`
--

DROP TABLE IF EXISTS `osoba`;
/*!40101 SET @saved_cs_client     = @@character_set_client */;
/*!50503 SET character_set_client = utf8mb4 */;
CREATE TABLE `osoba` (
  `id` int(11) NOT NULL AUTO_INCREMENT,
  `imię` varchar(20) NOT NULL,
  `nazwisko` varchar(50) DEFAULT NULL,
  `dataUrodzenia` date NOT NULL,
  `plec` char(1) NOT NULL,
  PRIMARY KEY (`id`),
  KEY `indexOsobaDataUrodzenia` (`dataUrodzenia`),
  KEY `indexOsobaImie2` (`imię`),
  FULLTEXT KEY `indexOsobaImie` (`imię`)
) ENGINE=InnoDB AUTO_INCREMENT=10000 DEFAULT CHARSET=utf8mb4 COLLATE=utf8mb4_0900_ai_ci;
/*!40101 SET character_set_client = @saved_cs_client */;

--
-- Dumping data for table `osoba`
--

LOCK TABLES `osoba` WRITE;
/*!40000 ALTER TABLE `osoba` DISABLE KEYS */;
INSERT INTO `osoba` VALUES (2,'Gwen',NULL,'1995-09-04','f'),(4,'Benny',NULL,'1999-03-29','m'),(6,'Gwenn',NULL,'1990-07-04','f'),(7,'Gwennn',NULL,'1994-03-07','m'),(8,'Bennyy',NULL,'1994-11-19','m'),(9,'Dianee',NULL,'1999-02-13','m'),(10,'cd507c','b29928','1996-04-21','m'),(11,'7ce3b4','ddbeab','1995-09-01','f'),(12,'757f41','131388','1993-06-30','f'),(13,'a05e99','7096d6','1999-08-27','m'),(14,'069439','5761d4','1999-04-06','f'),(15,'ec9618','0b7244','1995-06-05','f'),(16,'738c8e','04b74b','1991-04-06','m'),(17,'39b18f','2d854e','1992-11-30','f'),(18,'ef34a6','381112','1997-06-21','f'),(19,'f56de0','72b18e','1996-11-11','f'),(20,'0b70b8','9716f0','1999-08-03','f'),(21,'1c1b3e','4464cf','1993-04-21','m'),(22,'dd13f4','3ec651','1996-04-30','m'),(23,'68bef2','44723a','1994-01-16','m'),(24,'8ee6a8','c7fd75','1993-11-03','m'),(25,'fffbb1','11dfe6','1990-04-07','f'),(26,'a93257','fc1fd0','1999-06-22','m'),(28,'7ca3c9','7efb7f','1996-02-11','m'),(30,'3d6c6a','72f591','1999-12-01','f'),(32,'2c3da9','9f03a8','1990-06-25','m'),(33,'a14207','8fc0a2','1999-02-12','f'),(35,'bc6713','2d5900','1997-08-09','m'),(36,'291fa1','3ab191','1993-01-05','m'),(37,'b5bdff','a4b17f','1997-07-17','m'),(38,'d1df06','f0ff8d','1993-05-03','f'),(39,'e58ad1','6ac562','1994-02-04','f'),(40,'a1b36f','933b4a','1995-01-01','f'),(42,'1979f2','fcd71a','1990-03-20','f'),(44,'e2ef9d','93f0c5','1996-07-08','m'),(45,'0ed367','09da6d','1990-05-22','f'),(46,'646507','8422c7','1994-07-12','m'),(47,'a54c7d','48d84b','1991-10-08','m'),(48,'83f8fb','a58aa5','1999-12-26','m'),(49,'7d7124','9bd12c','1992-05-26','m'),(50,'5428f2','2da279','1994-10-26','f'),(51,'f4c7a0','abe7f5','1998-03-28','m'),(52,'76fe2b','c1f217','1995-08-27','f'),(53,'d3b59c','8710fb','1991-12-21','m'),(54,'bf8cf7','d83afa','1997-09-12','f'),(55,'008ead','3da299','1991-12-28','m'),(57,'817801','76ed3d','1995-10-15','f'),(58,'1a8bf0','7fcc5c','1991-08-24','m'),(59,'8a7650','02c53a','1994-12-28','f'),(60,'bc0ae2','8dab9a','1999-04-26','f'),(61,'1c6756','22252f','1992-06-18','m'),(62,'5bdbba','588bf2','1990-02-16','f'),(64,'75012b','29fc2d','1999-02-23','m'),(65,'37c7c4','ef4795','1997-03-11','f'),(66,'bd6b23','0c07cc','1996-11-08','f'),(67,'27eca9','5fa0a8','1998-10-07','m'),(68,'553271','553e26','1992-07-12','f'),(69,'822626','bc0266','1997-01-02','f'),(70,'f5f3ea','54fefd','1998-07-14','m'),(72,'20adf6','c1ed56','1998-12-08','f'),(73,'e6278a','7bc219','1992-11-22','m'),(75,'30d1ad','0a2241','1991-09-10','f'),(76,'db3742','0f9fbe','1994-07-16','f'),(77,'f43938','47d0b7','1990-03-26','m'),(78,'da3040','4cb37e','1991-08-04','m'),(79,'8658bb','9b5da5','1996-04-28','m'),(80,'a96ef3','9f6dcd','1991-02-07','f'),(82,'a33efd','ee9f35','1991-07-18','m'),(83,'843fee','d8cc5f','1995-11-25','f'),(84,'c24e6c','f2481a','1999-08-05','f'),(87,'a768f8','5cac64','1994-09-30','m'),(88,'16127f','6568fb','1995-07-17','f'),(90,'c2c652','e7a9fa','1995-04-12','f'),(91,'142c8e','21c820','1998-01-01','f'),(92,'8a566f','992ff2','1997-12-03','m'),(93,'e5d03c','e152b7','1990-01-01','m'),(94,'f53ea8','916f7c','1998-08-02','m'),(95,'a69333','c53ba7','1998-02-12','f'),(96,'46e3a7','c2f8de','1997-03-15','f'),(97,'1d4689','c57235','1991-08-29','f'),(98,'7d8992','aa1567','1995-07-19','f'),(99,'7b681e','d5c1db','1998-09-27','f'),(103,'422dff','bffc23','1991-10-07','m'),(104,'3db2b6','64af9a','1993-05-23','f'),(105,'8456c6','4464f7','1990-06-19','m'),(106,'ff08a4','2f5b46','1994-11-10','f'),(108,'5d0c78','91c2cc','1998-05-16','m'),(110,'7f4148','516f9b','1992-09-17','m'),(111,'4faeb4','0acd95','1994-03-18','f'),(112,'7c195e','2c9e8d','1994-08-02','f'),(113,'a44c27','7f114c','1992-03-27','m'),(114,'04e91d','370fb7','1995-09-16','f'),(116,'54655e','541a8f','1992-01-07','f'),(117,'de7704','736074','1993-12-15','f'),(118,'533590','63d876','1993-12-27','f'),(119,'96574f','5e0962','1997-06-23','m'),(120,'3beee9','e42941','1992-04-21','m'),(122,'f68833','391f78','1995-12-24','m'),(123,'b60c60','446a21','1995-03-08','m'),(124,'0fb98e','1a4e7a','1993-07-19','f'),(125,'1619bf','719981','1997-07-16','m'),(126,'219651','9816db','1999-02-28','m'),(127,'d8215d','9439bb','1992-01-01','f'),(128,'838c7f','c75189','1993-10-11','m'),(129,'bbbc6f','64ad49','1993-11-19','m'),(130,'88b80e','cf03e3','1996-04-14','f'),(132,'2ec9b0','68f228','1995-10-04','m'),(133,'a0db0e','33131c','1990-01-28','m'),(134,'27a8f3','9c0f63','1999-10-15','m'),(135,'2b3e0f','e35971','1991-12-26','m'),(137,'5ff2d0','5963c1','1996-12-01','f'),(138,'d7c747','643cd6','1996-10-05','f'),(139,'929fb5','f95013','1999-05-18','m'),(140,'04c9c2','917683','1998-12-22','m'),(141,'240048','3f86a6','1999-11-09','m'),(142,'5156b9','ea7dd0','1994-10-29','f'),(143,'e81c5b','91761e','1997-04-17','m'),(144,'45cda0','5b9039','1991-03-30','m'),(147,'5e4111','cff7a1','1999-02-14','m'),(148,'6ef673','603ab9','1993-08-25','m'),(150,'32e643','efc46f','1992-02-08','m'),(151,'00858d','e83ba5','1998-12-24','f'),(152,'99b03e','42a5d6','1990-06-02','f'),(153,'477458','6a7ccd','1995-11-18','f'),(154,'b287b7','0d6470','1993-03-17','f'),(155,'a86d42','35ecf6','1994-02-17','m'),(156,'e3d55c','44ee3b','1997-03-03','m'),(157,'324b0c','193cee','1995-05-10','m'),(158,'5528d1','333ea4','1996-06-07','m'),(159,'41e1d7','664d17','1993-09-04','m'),(160,'eae21e','652377','1999-05-28','m'),(161,'670353','4f6939','1998-10-31','m'),(162,'1fc3b2','2b2baa','1998-03-01','f'),(163,'ee13b0','fbfba1','1995-09-17','m'),(165,'02fdcc','434164','1994-09-24','m'),(166,'c24988','b3f6eb','1991-10-10','f'),(168,'2e4fde','e4b101','1997-01-04','m'),(169,'f8b4ca','313247','1990-10-22','f'),(170,'e0b9a6','f666b8','1998-01-25','f'),(171,'b755f9','12761e','1993-04-22','f'),(173,'2809b7','8b3c6f','1993-11-20','f'),(174,'6b07b5','00e753','1991-09-09','m'),(175,'8df4e7','6b35ca','1994-02-27','f'),(177,'9c5f4f','0c90dd','1992-01-26','m'),(178,'7910ef','0887e7','1996-02-04','m'),(179,'f1677e','490839','1993-03-22','m'),(180,'e94325','0da96e','1991-03-06','m'),(181,'f27c10','525f73','1992-10-17','f'),(182,'b47219','9d1b4d','1993-03-03','m'),(183,'804129','030a36','1991-06-21','f'),(185,'ffc51a','ff0564','1995-11-21','m'),(186,'1e0ae7','31abff','1990-01-05','f'),(187,'751cbc','6217cf','1997-05-11','f'),(188,'e3ce5c','513f91','1993-05-22','f'),(189,'bfd6dc','6a5dc8','1996-01-15','m'),(190,'c100c9','0dcd15','1997-02-25','m'),(191,'a6f4f8','e749b4','1994-12-22','m'),(192,'2a9ad8','abfc01','1996-09-21','m'),(193,'fe1f11','c6b435','1993-09-30','f'),(194,'adc8ec','b96fff','1991-01-21','f'),(195,'aba919','7b8b92','1998-10-09','m'),(196,'249d27','cd5db3','1993-10-16','f'),(197,'3e92d8','3eb6b5','1990-02-08','f'),(198,'a7ec05','d19385','1998-10-20','m'),(199,'d8d3e0','51c85e','1991-10-17','f'),(200,'b73685','de190d','1991-10-23','f'),(201,'3b9b84','21f1fc','1994-10-19','f'),(202,'999f96','29ff51','1990-06-01','f'),(204,'2c0acf','9c2518','1999-05-25','f'),(206,'85fccd','9bf105','1996-09-10','m'),(207,'e211b3','0131c0','1997-06-11','f'),(208,'c6af88','75bec6','1991-04-30','m'),(209,'0ac770','7a7a08','1991-10-09','m'),(210,'bfbf1f','90fe62','1999-10-04','f'),(211,'a82aae','cda089','1994-04-16','m'),(212,'0f8793','2b8be9','1991-01-14','m'),(213,'ef92de','3f1514','1998-06-02','m'),(214,'fef438','ebdaec','1994-10-06','m'),(216,'5b1aa2','24b1a3','1994-11-08','m'),(217,'de4828','201a7f','1995-03-21','f'),(219,'7b68b3','c2df2e','1991-08-06','f'),(220,'5682c8','1aef27','1994-05-26','m'),(221,'64e385','c27c4d','1999-10-28','f'),(222,'a9bae0','e29ce4','1993-12-16','f'),(223,'75d6d3','5cc7df','1992-04-11','m'),(225,'7548f0','38a7cf','1999-02-15','f'),(226,'8df278','dd9fe8','1993-02-08','m'),(227,'acddc2','a00509','1996-09-16','f'),(228,'f590c7','a2b5b0','1990-11-17','m'),(229,'094cde','c8c0b4','1996-12-23','f'),(230,'1e118d','cad557','1993-01-24','m'),(231,'a8a734','8ad9a0','1995-12-23','f'),(232,'3cd74d','55fbd5','1992-03-22','m'),(235,'f9dbed','016381','1999-10-08','f'),(236,'edd7c8','182823','1994-10-31','f'),(237,'069813','314f6f','1996-02-21','m'),(238,'3682a4','b51f7e','1995-07-16','m'),(239,'2c24a3','8f3ecc','1992-01-05','f'),(241,'7888f9','f09506','1999-08-15','f'),(242,'891e90','668a5a','1999-08-23','f'),(243,'51fb70','2c92a0','1999-02-03','m'),(244,'d66248','b95afe','1997-12-27','m'),(245,'05389a','c87c19','1994-09-05','f'),(246,'0e8d2f','7d93c3','1997-11-22','m'),(247,'674de3','a4684c','1999-05-15','f'),(248,'4a41b0','2fa063','1994-08-04','f'),(250,'00bf63','865497','1996-03-11','f'),(251,'1f6a55','8d22f1','1994-07-22','m'),(252,'221fc1','97aa75','1991-01-26','f'),(253,'a232a0','69071d','1998-03-02','m'),(254,'8d5d57','c68ffb','1995-02-21','f'),(255,'b11fc3','44495d','1991-09-27','m'),(256,'49f546','ca78ae','1990-01-18','m'),(257,'489ae3','ca500e','1995-05-03','f'),(258,'861761','ab68f5','1996-08-25','f'),(259,'fa0dfd','0fd145','1998-12-11','m'),(260,'464643','ce1e39','1990-03-29','m'),(261,'9cfeb0','20a49a','1997-05-08','f'),(262,'560298','587e3b','1993-01-03','m'),(263,'aa264d','c19125','1996-04-16','m'),(264,'6516b5','0b16b6','1994-06-21','f'),(265,'855c16','9e5530','1994-03-06','m'),(266,'2f5fe3','b1ff43','1990-11-27','m'),(267,'a2bd7f','2442bf','1991-12-24','m'),(269,'a8343c','909018','1991-08-17','f'),(270,'1674a0','6fb4cd','1996-04-22','m'),(271,'68d825','c210d2','1992-09-13','f'),(276,'6e6d99','37f31d','1994-09-09','f'),(279,'ed5929','701dcf','1995-09-19','f'),(280,'48cfe0','0c7697','1994-10-14','f'),(281,'08a985','d3e0f5','1999-01-11','m'),(282,'3adb3b','ec60a2','1999-10-12','m'),(283,'244803','4ec842','1994-02-18','m'),(284,'3368b9','845223','1996-02-05','f'),(285,'11a188','9570ad','1996-11-28','f'),(286,'725e7d','537598','1997-02-01','f'),(287,'6a9a7a','9a5c02','1992-04-23','f'),(289,'6f94c1','11ccc1','1997-01-25','f'),(290,'b776ec','1654b0','1990-01-09','f'),(291,'586148','03a3d8','1995-01-05','m'),(292,'130028','d2029f','1997-06-25','m'),(293,'93d702','4dc21e','1990-12-19','f'),(294,'ed7455','3fb5f6','1994-08-19','f'),(295,'b162a8','a805d1','1991-04-02','f'),(296,'3382c6','6cd3be','1993-11-28','f'),(297,'bb6714','b28552','1999-09-16','m'),(298,'c40036','8503ed','1993-09-06','f'),(299,'5bf2b3','fe7c95','1996-08-28','f'),(301,'435ea4','53c973','1990-08-30','f'),(302,'e31a54','5d8e58','1993-12-02','m'),(303,'b83285','cfa0ab','1991-01-31','m'),(305,'c9e46f','85f59c','1996-07-01','m'),(306,'86fdbb','0a3d84','1991-05-09','f'),(307,'140b9b','02f6db','1997-06-27','f'),(308,'6f1570','7cc6a4','1999-03-23','m'),(309,'5ef326','f113a8','1997-09-29','f'),(310,'9f194f','99a107','1999-08-02','m'),(312,'0b840a','c9b455','1990-02-01','f'),(313,'b12a5d','f7ba0c','1992-03-02','f'),(314,'62a47b','aca3d3','1997-01-09','f'),(316,'fb1ea5','9e936f','1996-09-06','f'),(318,'2050c6','2733dd','1993-09-20','m'),(319,'1aea2e','80ffb5','1992-05-02','f'),(320,'d70336','3b15f8','1999-03-02','m'),(322,'819e65','893fb4','1995-09-09','f'),(323,'26b3bc','dcfd12','1995-10-02','m'),(324,'24f091','1beb8f','1992-07-05','f'),(325,'12b6de','f1227b','1995-05-21','m'),(326,'c1291e','54f412','1993-10-03','m'),(328,'f1cb83','685e03','1999-10-16','m'),(329,'b70a8a','cd9135','1994-04-06','m'),(330,'d35e79','086b81','1999-05-06','f'),(331,'761a92','2a3f9f','1990-11-06','f'),(333,'5cc583','2e10d1','1997-03-17','f'),(334,'9154b4','77eee1','1993-06-18','f'),(336,'1a32a1','14f948','1999-05-11','m'),(337,'26335d','453420','1992-05-27','f'),(338,'7ee092','34bb46','1995-09-03','m'),(340,'1a26e7','b44b15','1996-11-16','f'),(341,'3be316','9c8309','1999-01-30','m'),(342,'6a0354','c55024','1998-10-12','m'),(343,'43621b','8d0046','1996-08-16','m'),(344,'322467','651899','1991-03-04','m'),(345,'27821f','f89fe2','1995-04-07','m'),(346,'ce44e3','1a9e0b','1991-02-23','m'),(347,'d0c295','d7aec8','1996-05-05','f'),(348,'af911a','1751bb','1993-02-28','f'),(349,'bdf28c','01b4f3','1990-07-31','m'),(350,'4401bf','1dca11','1992-03-13','m'),(351,'6669af','06ac97','1996-10-10','f'),(354,'9691db','9a8c32','1993-10-08','m'),(355,'e8d9e9','dab26d','1993-07-18','f'),(356,'36c490','38599d','1991-02-08','m'),(357,'7d4091','dd3b0d','1991-08-15','m'),(358,'469c0a','e07850','1996-01-17','m'),(359,'965987','9bc275','1992-04-22','f'),(360,'4c4ef6','dc6610','1991-12-31','m'),(362,'43b7ae','e60f11','1997-08-28','f'),(364,'bc7660','91070f','1991-12-29','f'),(366,'8da888','e1b7a6','1994-01-01','f'),(367,'9ec89d','abe98f','1997-06-29','m'),(368,'948a86','b51c58','1996-02-20','m'),(369,'a95584','7d924a','1998-06-17','f'),(371,'adb3e3','020db2','1997-05-15','m'),(372,'5b4ae0','3943e6','1994-05-25','f'),(373,'74924e','71e0b2','1991-03-09','m'),(374,'7285d3','deec5c','1999-12-23','f'),(375,'b153cb','6b90b3','1996-10-23','f'),(376,'c33466','92a505','1998-07-16','m'),(377,'f40138','8cc304','1997-12-24','f'),(378,'512a71','c11274','1995-09-27','f'),(379,'335832','24a842','1991-09-13','m'),(380,'1c937d','0c684a','1998-04-14','f'),(381,'841c62','b60766','1994-09-19','f'),(382,'d8589a','be9eba','1996-09-18','m'),(383,'af7a51','213d88','1992-04-08','f'),(384,'5564ef','a71415','1994-06-12','f'),(386,'ac48f5','cde477','1996-02-02','m'),(388,'9bb6b0','135008','1998-05-20','m'),(389,'3a86b8','a06c3a','1998-05-21','f'),(391,'a94c6b','6a42e3','1992-12-24','f'),(392,'200017','c4069f','1998-03-13','m'),(393,'8d9249','2449b3','1990-08-17','m'),(394,'c31728','8585a9','1990-11-23','m'),(395,'bcec7d','e4f8f0','1996-03-06','f'),(396,'428865','c0785e','1997-11-03','m'),(397,'03a54b','24c472','1999-09-20','f'),(398,'c821d0','27ac29','1999-06-08','m'),(399,'bd9367','786210','1999-04-23','f'),(400,'bc9902','8ee5da','1999-05-03','f'),(401,'3ddb54','f22b57','1998-08-10','m'),(402,'93f166','3f7600','1997-02-12','f'),(403,'217f8a','047359','1994-05-08','m'),(404,'c027d5','d28bb4','1995-06-14','m'),(405,'9e79a6','49413e','1997-06-08','f'),(406,'5fad43','199c89','1999-09-01','m'),(408,'556aea','400f9f','1995-03-20','m'),(409,'d027e0','56617d','1992-02-24','f'),(410,'1384fa','71ebfc','1994-08-06','f'),(411,'2b124a','77caab','1992-07-20','m'),(414,'83a21a','3c9ff7','1990-12-14','f'),(415,'42dfc6','b8a83c','1993-05-21','f'),(416,'717924','642681','1994-12-29','f'),(418,'5e16da','dd624b','1992-06-02','m'),(419,'57ba95','1ad8dc','1995-12-01','f'),(420,'99195a','d622d2','1994-01-25','m'),(421,'56a44e','d627e4','1996-02-01','f'),(424,'9c5026','770b1a','1994-06-25','f'),(425,'ab988c','dc6767','1990-04-04','m'),(426,'10c285','778e04','1995-01-22','m'),(427,'c97a21','385199','1995-04-09','f'),(428,'1c1f57','6dfbdc','1997-08-03','f'),(430,'09fdd4','0796f5','1993-10-26','m'),(431,'14e9ee','fb4f99','1994-02-08','f'),(432,'5a6154','b2e8f4','1999-04-30','f'),(434,'1f482f','2dd970','1997-04-19','f'),(435,'36f15a','84a64c','1994-05-07','f'),(436,'90504d','471823','1999-12-03','f'),(437,'b88348','0205a5','1991-11-27','m'),(438,'1fe89f','c371e5','1999-10-21','m'),(439,'cb734a','d7b9d9','1999-03-09','f'),(440,'82918e','7b97b3','1997-07-29','m'),(441,'6784ff','369bdc','1994-04-13','f'),(442,'629a3d','a73363','1995-05-14','m'),(444,'ed3681','489f1d','1993-02-23','m'),(445,'a12145','b02ff8','1995-01-13','f'),(446,'eba7bf','47464b','1991-11-28','m'),(447,'1fd0c2','347721','1996-08-11','f'),(448,'ef2017','1be57f','1993-08-03','f'),(449,'bac831','485204','1995-10-05','m'),(450,'9d8f45','10bdc3','1995-01-18','f'),(451,'d90447','ec54fe','1995-05-30','f'),(452,'44811c','ef6bfa','1996-12-13','f'),(453,'562fb3','8904e2','1996-12-03','f'),(454,'b7a781','57db67','1991-11-19','m'),(455,'1ac7e5','119dbd','1994-10-11','m'),(456,'bf76f9','1f3534','1996-02-15','m'),(457,'4be66e','c36397','1994-06-16','m'),(458,'7df0c0','d4ddbe','1993-01-15','f'),(459,'9d330b','8cb5e8','1992-01-06','m'),(460,'0c68c0','3b8f1b','1995-01-25','m'),(462,'e9d603','591f71','1993-03-05','m'),(463,'463446','e28d7c','1994-06-10','f'),(464,'2cc46e','0521f5','1995-11-20','m'),(465,'e17193','1af7dc','1999-06-26','m'),(466,'af942f','e504b8','1997-06-07','f'),(467,'55b0ce','c0aa0a','1991-06-28','f'),(468,'8692a0','ddd1b3','1997-12-30','m'),(469,'8f4d73','92272c','1992-10-10','m'),(470,'f3c6e6','762f74','1994-02-23','m'),(471,'fa423d','92f3d1','1997-08-30','m'),(473,'309d19','539b41','1991-02-17','f'),(474,'0e7254','f82fd9','1992-11-06','f'),(475,'e4166f','5ae871','1995-12-16','m'),(476,'a391e5','eb07c5','1993-03-30','f'),(477,'f91cf3','ee0da8','1999-08-06','f'),(478,'6663fe','47e7f2','1990-01-13','m'),(479,'8a435e','a64b75','1993-12-17','f'),(480,'df1328','50404b','1995-12-25','f'),(481,'b7262f','52de6b','1991-01-04','m'),(482,'89d179','228ec6','1991-08-27','f'),(483,'6615b0','0b9c57','1994-11-05','m'),(484,'9a9716','ed8c39','1998-08-23','f'),(485,'322355','3ad8d5','1993-01-21','f'),(486,'19f6e3','794f59','1998-12-23','m'),(487,'32b493','d3077b','1991-11-09','f'),(488,'127c34','63a112','1999-02-17','f'),(489,'b9cd1c','296295','1992-02-07','f'),(490,'52c0f0','3bc970','1990-12-25','f'),(491,'f693ee','f098f5','1996-04-25','m'),(492,'f8ece2','75cac4','1997-04-14','m'),(493,'0a4fd4','1c2188','1998-01-03','f'),(494,'bad027','47c910','1996-09-19','f'),(495,'910c94','37896e','1995-10-21','m'),(496,'75c925','b1f30c','1996-09-03','f'),(497,'135bd4','729a93','1999-05-08','m'),(498,'cb506e','44a586','1996-10-14','m'),(499,'94c513','beae86','1990-10-12','f'),(500,'26e5f7','f89b46','1997-08-12','m'),(501,'eea033','710b97','1999-01-16','f'),(502,'47f698','0165cd','1995-04-10','f'),(503,'681021','646214','1996-02-03','m'),(504,'601b85','ec1488','1992-07-24','f'),(506,'ef2156','e65931','1998-10-27','f'),(507,'f97714','84c5a5','1997-03-21','f'),(508,'5b9e8a','47ab87','1992-03-03','f'),(509,'2df3be','5a53b7','1999-03-21','f'),(510,'dfa3e0','ac198a','1996-12-04','m'),(511,'a14b0f','26cf30','1999-03-19','m'),(512,'ce9b5a','d4e3f7','1999-11-08','f'),(513,'d003fe','aec353','1994-08-08','m'),(514,'e392d6','fe7f14','1990-08-06','f'),(515,'e8ebb4','0472ed','1991-06-07','m'),(516,'473b9d','ab6c69','1992-07-22','m'),(517,'5151d2','59d140','1990-12-27','m'),(518,'09344c','6a7017','1991-12-16','f'),(519,'6343b8','6d0717','1991-04-08','f'),(520,'fc6e00','9a820c','1995-06-27','f'),(521,'7a803d','19ad9c','1999-11-29','m'),(523,'4f2c88','f7492d','1996-01-04','m'),(525,'08150f','1ee63d','1996-12-28','m'),(526,'6bc56f','369201','1995-12-19','m'),(527,'44c416','da3705','1999-11-30','f'),(529,'972e39','9200ed','1994-03-01','f'),(530,'188f70','271e2c','1994-01-30','f'),(531,'3fc67d','00a3cc','1992-08-07','m'),(532,'55fca3','64120c','1990-12-24','f'),(534,'140f43','7a5412','1995-11-16','f'),(536,'8d0631','8b6fbe','1996-10-07','m'),(537,'362b13','846524','1999-09-26','m'),(538,'c90b5f','2da876','1991-12-23','f'),(540,'4a616f','b59615','1996-06-12','m'),(541,'51d243','ff71be','1993-06-12','f'),(542,'991658','b92438','1999-10-26','m'),(543,'ac675f','6f7939','1999-07-31','f'),(544,'127ad1','86739e','1991-05-26','f'),(545,'475e76','329ba1','1992-11-20','f'),(547,'60b69b','acddca','1992-09-21','f'),(549,'03ba44','f9adcd','1992-06-14','m'),(550,'32f112','e991b1','1990-11-12','f'),(551,'6c67f3','5710ff','1997-12-10','f'),(552,'c4b508','aec3bd','1995-01-08','f'),(553,'77cc7e','7cec69','1998-12-27','m'),(554,'93809f','6e2f88','1997-03-07','f'),(555,'17e3ab','01cf81','1995-10-20','m'),(556,'425e72','34ecd4','1997-12-12','m'),(557,'346242','4b9962','1996-06-23','f'),(558,'f37180','bf4695','1998-03-06','f'),(560,'f27707','9a1ac0','1991-06-18','f'),(561,'be5598','b85f02','1993-04-24','f'),(562,'e72ac6','f04bd1','1998-01-09','m'),(563,'4e7070','b67d03','1994-11-29','f'),(565,'134fe2','32e03a','1990-06-23','m'),(566,'7b5b40','4a6ba9','1990-01-08','m'),(567,'0e7d50','c3cad8','1998-08-13','m'),(568,'9b9d15','e2f62f','1994-08-07','m'),(569,'0cb257','b66a22','1999-11-22','f'),(570,'3b737b','e9d282','1991-05-16','f'),(571,'334df8','d71efe','1998-09-14','m'),(572,'eec039','8d7240','1995-02-20','m'),(574,'295cd1','6252c6','1990-10-19','m'),(575,'6ceade','5bdf64','1998-02-11','m'),(576,'8a4010','b2659c','1999-09-03','m'),(577,'0a67fe','c1148a','1991-07-29','f'),(578,'f00d0f','e6237a','1995-06-03','m'),(579,'b7596b','4722f9','1991-11-15','f'),(580,'1604b2','2ff0b0','1992-10-30','m'),(581,'9d8701','a1fe33','1998-12-18','f'),(582,'e1dfdd','5e1883','1996-01-25','f'),(583,'667765','5bcfaf','1994-12-24','f'),(584,'603cc9','bf4c25','1996-08-21','f'),(585,'2a0484','5364ae','1994-02-10','f'),(586,'bde420','8ad9d2','1992-07-13','f'),(587,'3a0e61','f08d12','1995-10-11','m'),(588,'5f7593','d96b39','1997-01-08','f'),(589,'ff75ef','3875e9','1991-03-23','f'),(590,'b0cb68','0af230','1990-07-28','m'),(591,'1400cb','959bdc','1996-12-09','m'),(593,'1a4604','d2f819','1996-02-10','m'),(594,'dfa004','68076d','1990-11-11','m'),(595,'73199a','24d5c4','1990-01-15','f'),(596,'1a876e','3489d3','1994-05-22','f'),(597,'8bbf6f','7a0c6e','1992-04-14','f'),(598,'b71e9b','65f167','1998-11-02','f'),(599,'301de7','6529a4','1997-01-12','f'),(600,'59793b','8db95f','1997-01-28','m'),(601,'b6af6a','08c700','1997-10-24','f'),(602,'ce344c','0c5c21','1997-09-30','f'),(603,'4571a0','81147f','1994-12-25','f'),(605,'d34b68','6579b6','1995-12-26','f'),(608,'ad6857','90f50f','1990-02-03','m'),(609,'fd1dd8','eb649d','1997-10-19','m'),(610,'fca3be','4ef4be','1998-09-28','f'),(611,'bbabf0','fb58db','1997-08-31','f'),(612,'1bd77e','c74cba','1991-11-05','m'),(613,'a03b90','498758','1991-06-11','m'),(614,'74986f','1a7828','1995-02-14','f'),(616,'dbe3fa','c5dc60','1993-01-13','f'),(617,'f68f29','711b44','1992-02-09','m'),(618,'bc34a0','687a09','1996-09-24','f'),(619,'deb2b2','e3f0e7','1998-09-07','m'),(620,'bb82a2','17b280','1993-09-26','m'),(622,'afb029','73276e','1993-10-14','f'),(623,'988e7b','720bf5','1999-02-20','f'),(624,'f8cc41','f6535a','1998-10-04','m'),(625,'68c8b5','c53961','1994-04-18','f'),(626,'33094d','0c0fcf','1994-03-04','f'),(627,'cba5f2','e45da8','1993-07-15','m'),(628,'c90c18','e313dd','1995-07-02','m'),(629,'14b5f7','09453d','1990-06-15','f'),(630,'82b704','a24a0b','1999-10-18','f'),(631,'f65215','76bb6e','1994-01-07','m'),(634,'eb21e3','07de4a','1994-12-01','f'),(635,'16f49d','2d3e34','1993-10-09','m'),(636,'c52c89','380c49','1995-08-05','f'),(637,'530a47','82cdcd','1993-07-28','f'),(638,'0b4416','844157','1992-01-30','m'),(639,'875de4','43daf8','1994-05-14','f'),(640,'b8f4d0','e7b572','1998-12-09','m'),(641,'263762','523c06','1993-08-22','f'),(642,'591505','93c732','1994-10-18','m'),(643,'7054f4','02395e','1990-07-25','m'),(644,'cbe031','9af91d','1994-01-21','f'),(645,'776b5c','751a2c','1995-11-28','f'),(646,'5f621f','42ba1e','1998-04-08','m'),(647,'95c249','9836f1','1998-03-25','f'),(648,'77dd4f','7847cf','1993-04-09','f'),(649,'b3e6f2','b8d869','1995-03-07','f'),(650,'a4a7dc','82be52','1992-01-27','m'),(651,'278f84','a28f53','1991-03-18','m'),(653,'4ea4a3','1c00c3','1990-02-11','m'),(654,'3580b4','f54cd0','1992-06-20','f'),(655,'d402ad','e7f645','1997-10-14','m'),(656,'366ddf','54e1a5','1991-05-02','f'),(657,'3d9d6a','02313d','1996-03-07','f'),(658,'0ab554','491203','1992-07-18','m'),(659,'3c90b7','d184b4','1992-11-21','f'),(660,'0099e4','a8ba58','1995-02-25','f'),(661,'3e427b','19ae4d','1993-10-19','f'),(662,'954229','d96000','1996-04-07','m'),(663,'76aa59','098d93','1991-09-20','m'),(664,'081dd6','94263b','1991-11-16','f'),(665,'bd6fd8','d31060','1994-02-05','f'),(666,'fb46fa','fc0e91','1993-12-18','m'),(667,'225771','36b13a','1998-03-24','m'),(668,'a5db93','ca324a','1991-10-24','f'),(669,'1616f7','f34707','1994-09-07','f'),(670,'59da7e','eeb034','1990-01-27','f'),(671,'f7e238','10124a','1995-01-12','m'),(672,'0f92c9','060c20','1990-05-29','f'),(673,'57cfdd','87eb73','1991-06-30','f'),(674,'1d9c8f','75e1ed','1999-08-25','m'),(675,'3012ec','7b361c','1998-09-26','m'),(676,'5049a5','063ae2','1995-05-07','m'),(677,'edf513','24823d','1996-12-12','m'),(678,'93167d','f3dd2b','1990-04-14','f'),(679,'27810f','7d4fa9','1994-01-04','f'),(680,'c06eaa','fe272a','1992-10-03','f'),(681,'5d727f','a80aa3','1990-09-07','m'),(682,'2e8c19','861ba2','1990-08-10','m'),(684,'731bea','ec9342','1995-11-03','m'),(685,'579476','296330','1999-09-27','m'),(686,'c7a845','f20a2f','1998-03-18','m'),(687,'9d0e1c','503c1c','1998-05-02','m'),(689,'ced027','2eea6a','1992-05-14','f'),(690,'69b169','90f108','1993-06-08','m'),(691,'e4f893','8fde73','1997-01-27','f'),(692,'229fa6','c4ccb5','1998-10-25','m'),(693,'cdee9f','c4e08c','1991-10-04','f'),(694,'c076f3','ccdc1c','1998-04-06','f'),(695,'cbe91f','6b1189','1992-10-23','f'),(696,'5d3c29','a4c387','1995-03-06','f'),(697,'af6bbe','69f2e5','1997-12-20','m'),(698,'c71cdb','1b3d27','1995-02-24','m'),(699,'e9cdc5','f94611','1990-12-05','f'),(700,'598b35','be8c15','1991-02-02','f'),(701,'b6bee2','6fa128','1997-12-11','m'),(702,'530dfa','218ebf','1997-05-17','f'),(703,'d12ba7','460770','1996-09-30','m'),(704,'2bc404','673647','1998-01-24','m'),(705,'301597','86077d','1990-05-13','f'),(706,'e5638e','224aea','1991-02-04','m'),(707,'eb2680','edf804','1996-02-25','m'),(708,'726d1a','edcd16','1991-06-10','f'),(709,'80b3c6','705762','1995-01-14','f'),(710,'919dc6','544441','1991-11-26','f'),(711,'e6af8b','a22ce7','1994-01-18','m'),(712,'16608a','55abf1','1994-08-25','f'),(713,'b61e9d','a3b74f','1996-04-26','m'),(714,'f8d982','f3978c','1991-08-30','f'),(715,'3dcd53','15b89b','1997-08-01','m'),(716,'ad09cd','bead8f','1997-01-20','m'),(717,'325c53','492bf0','1996-07-27','f'),(718,'b572d3','e3aff7','1992-05-05','m'),(720,'c7fcf0','901b86','1990-09-17','f'),(721,'42c3de','63c6be','1992-01-20','m'),(722,'cca4cb','48ea60','1996-12-11','m'),(723,'5a7433','7352fd','1996-12-20','m'),(724,'6263be','998055','1998-10-08','m'),(725,'83013f','cf6f2f','1994-03-29','f'),(726,'1a8b5e','c97508','1993-11-26','m'),(727,'1c22ee','5c74ad','1995-10-25','m'),(728,'c3ce77','6c4df3','1998-11-30','m'),(729,'eb83b8','a8b979','1997-04-22','f'),(730,'fa5e2f','04b39a','1994-09-14','f'),(731,'a86a6f','354b6e','1991-03-17','f'),(732,'27c162','cbe244','1992-11-14','m'),(733,'efeae3','cddb91','1997-07-09','f'),(734,'b93cc6','0167fd','1997-07-10','f'),(735,'18377a','cf0a59','1992-03-05','f'),(736,'6c227f','5ee288','1996-11-13','f'),(737,'bdd6f6','3e3fd2','1990-03-13','f'),(738,'270055','83933a','1990-12-01','m'),(739,'ada481','cc7582','1998-03-14','f'),(740,'5c46aa','f382c1','1999-01-26','f'),(741,'ac02da','ee1f3e','1997-04-21','f'),(742,'d93064','a84ff8','1990-10-04','f'),(743,'8fc4dd','c9e86c','1998-05-09','f'),(744,'2b7a87','da5943','1994-11-04','m'),(745,'9b7970','0053d1','1994-02-15','m'),(746,'ee0805','3c0fc8','1993-05-17','m'),(747,'7aaf59','1fbdf9','1993-06-09','f'),(748,'5e10bc','3bc314','1995-12-11','f'),(749,'d0a6c9','0936c3','1991-01-12','m'),(750,'5d1fa9','6815da','1992-06-30','f'),(751,'14ba8c','daf223','1993-01-26','f'),(752,'f95ba1','88d37f','1991-02-26','m'),(753,'01f5e3','822d7e','1997-05-01','f'),(754,'8a71ac','4901cf','1992-04-24','f'),(755,'c9b554','03f71f','1999-05-09','m'),(756,'3cdc6f','d3938b','1991-07-27','m'),(757,'9bef71','659a65','1990-02-25','f'),(758,'1e3bd0','832405','1994-08-30','f'),(759,'b8ff8c','ffff08','1996-11-15','m'),(760,'e7b2ee','4427d5','1991-01-06','f'),(761,'c7ad73','143787','1991-04-12','m'),(762,'8c35a7','476440','1995-07-05','f'),(763,'57d4b3','e7bd54','1995-12-27','m'),(764,'9201e9','3bff06','1998-02-09','m'),(765,'6aad61','57aff6','1997-02-26','m'),(766,'716b13','24fe86','1997-11-30','f'),(768,'dcab90','986792','1997-01-07','m'),(769,'6b397f','5b2c9d','1995-04-08','m'),(770,'00dbb9','3b3fa8','1998-09-20','f'),(771,'7a734a','7461e9','1994-07-10','f'),(772,'43c29e','9a617d','1995-04-21','m'),(773,'ee0dff','61b6dc','1992-10-15','m'),(774,'fe7961','3cd50c','1997-06-05','f'),(775,'90a48b','0774d2','1992-02-23','m'),(776,'3fc71c','aa64c5','1994-01-17','f'),(777,'0b56e7','8d2040','1994-02-13','m'),(778,'dbc8bd','786676','1995-04-14','m'),(779,'8c4167','2b3f2f','1999-05-30','f'),(780,'33fc77','f72f33','1990-09-12','m'),(781,'e6e318','3d19fb','1996-10-16','m'),(783,'cc8455','7cd2da','1993-02-18','f'),(784,'07b9c9','97d47b','1993-04-30','m'),(785,'f928c7','d751b6','1997-08-11','m'),(786,'78e5a9','82c155','1991-09-01','f'),(787,'793ae5','77d6c8','1994-07-25','m'),(788,'f7e7e9','42cdef','1990-09-20','f'),(789,'de83f7','26e6ad','1997-01-03','f'),(790,'bddd5a','b8711a','1996-02-12','m'),(792,'13135e','faafb6','1998-08-19','f'),(793,'7b71f8','8fa8a8','1996-05-11','f'),(794,'291114','538f08','1992-03-01','f'),(795,'b8dccd','126720','1997-06-04','f'),(796,'93671f','8cd159','1992-02-19','m'),(797,'1815da','e0b576','1990-12-04','f'),(798,'cd48e8','26bbb4','1994-04-01','f'),(799,'2ad8b7','3ca6a4','1992-06-15','m'),(800,'9a009b','0ee959','1997-09-03','f'),(801,'77df66','5f5255','1993-07-20','m'),(802,'d00892','3e5e63','1996-07-12','f'),(803,'5bfee5','0b2eb2','1992-05-29','m'),(804,'e95d7a','e1e2d0','1996-12-14','m'),(805,'929de0','fdfdc6','1991-01-01','f'),(806,'847793','1c45df','1990-02-09','f'),(807,'61eed3','1e89af','1995-07-22','f'),(808,'a9f369','1aa50b','1996-07-21','f'),(810,'6f0925','580647','1996-10-06','m'),(811,'29547c','8fa372','1996-03-15','m'),(812,'92b008','bbd72b','1990-06-07','m'),(813,'18f1ec','bb1fd5','1995-05-22','f'),(814,'e98308','3e2a67','1993-10-23','f'),(815,'42b991','cb274d','1990-07-27','f'),(816,'7d5378','3a7c50','1995-10-31','m'),(817,'3cb060','b4e925','1994-12-02','f'),(818,'9eb3eb','52fece','1995-08-30','f'),(819,'158d4e','9076e1','1993-07-08','f'),(820,'87b60f','bf4896','1997-08-13','m'),(821,'f99228','34a2bd','1997-11-02','f'),(822,'39e315','95d7c8','1992-01-16','f'),(823,'1dfe9d','213171','1995-09-15','f'),(824,'feaea8','946f5e','1991-09-08','m'),(825,'e9ea68','f57391','1996-06-17','f'),(826,'dc9c46','8f7db2','1999-07-10','m'),(827,'ffea37','3f2473','1993-05-08','f'),(828,'45de3a','9ca57f','1997-08-22','m'),(829,'872d10','c7a3c6','1990-08-22','m'),(830,'480a97','31346e','1999-09-07','f'),(831,'6a84a9','72498e','1990-08-04','m'),(832,'707938','9574bc','1998-01-16','f'),(833,'7734dd','a0e6d0','1991-11-23','f'),(834,'f54f46','306baa','1998-04-02','f'),(835,'d448e8','7c3791','1997-12-21','m'),(836,'9b915c','6f5ee2','1996-02-27','f'),(837,'a7b233','f32996','1996-11-03','f'),(838,'19d099','9d59d0','1998-07-04','m'),(839,'d447a8','a995d7','1994-01-02','m'),(841,'2a4694','351330','1995-11-12','f'),(842,'027202','ad723a','1992-08-05','f'),(843,'3b099a','3f54b1','1995-06-22','f'),(844,'51a937','958f9b','1996-11-14','f'),(845,'1bc543','f75a61','1994-05-06','m'),(846,'222aa8','4c3410','1993-10-20','f'),(847,'e42f78','8cda83','1992-01-04','m'),(848,'c2d63e','61e24d','1991-02-10','m'),(849,'dd3358','df864d','1998-02-03','f'),(851,'c519b5','52c469','1993-08-08','f'),(852,'b62077','eeff17','1990-03-10','m'),(853,'39b2ac','ad508e','1992-06-12','m'),(854,'392236','0b4807','1993-09-29','f'),(855,'579534','ecc05a','1996-05-13','m'),(856,'bcc04f','4ce896','1990-01-17','f'),(857,'d6ffac','337ea1','1999-12-10','m'),(858,'f36428','77bccf','1996-11-22','m'),(859,'596004','fa31da','1999-12-27','m'),(860,'7b61a5','d9cfde','1998-01-02','f'),(861,'852e0c','1cffd8','1997-04-10','f'),(862,'43bb32','06aa10','1996-12-17','f'),(863,'9d1ac5','6867b9','1999-07-28','f'),(864,'62a080','145565','1999-05-26','f'),(865,'6b1a1d','436790','1998-12-10','m'),(866,'278169','2aeac1','1996-02-26','m'),(867,'48a762','ce849f','1996-08-12','f'),(868,'8d2dbb','69b4b6','1991-01-23','f'),(869,'c7c7d6','ad354c','1998-06-18','m'),(870,'02d2c4','e94484','1997-10-07','m'),(871,'bba36f','1cf0b2','1999-04-25','f'),(872,'29712c','57e6c5','1996-02-14','f'),(873,'a320e6','69db96','1995-06-12','f'),(874,'f1a1ca','79aa41','1992-05-16','f'),(875,'08b5af','166e9d','1992-10-26','m'),(876,'eccd10','3f5595','1995-05-20','m'),(877,'e878a3','4cb9ce','1998-04-25','m'),(879,'3011d4','4738cc','1996-09-22','m'),(880,'39b24e','a41f67','1996-04-27','m'),(881,'390d7c','9ae2ae','1993-07-26','m'),(882,'2f200e','321044','1991-12-01','m'),(883,'8a5bf0','e21bd2','1998-03-17','f'),(884,'e811d2','706888','1990-06-20','m'),(885,'434d25','e29213','1995-05-24','f'),(886,'d0c9ef','95170e','1992-05-07','f'),(887,'f39359','df3de9','1998-12-15','m'),(888,'fe27eb','bd56e0','1991-11-13','m'),(889,'d770b4','3f1741','1995-01-15','f'),(890,'54b55c','86163e','1997-12-23','m'),(891,'cf9e6a','616752','1998-04-30','f'),(892,'3c617f','72988d','1991-01-29','f'),(893,'965ba9','37f6ef','1994-08-22','f'),(894,'4d2409','f4f1b2','1995-02-05','f'),(895,'d6cfa9','b3f372','1993-03-14','m'),(896,'b4336e','ba8cf2','1994-12-18','m'),(897,'a91610','c9e261','1993-08-18','m'),(898,'dfbdeb','36440f','1993-04-10','f'),(899,'990113','33921c','1998-07-30','m'),(900,'537e2e','e4d48e','1997-08-02','m'),(901,'4605c1','c73beb','1997-07-27','m'),(902,'ba0cd8','5d3cec','1992-12-28','f'),(904,'6e6ead','4b1592','1992-06-21','f'),(905,'cdd788','befbd2','1993-11-17','m'),(906,'f1434c','033f1b','1990-04-26','f'),(907,'95128a','13e9ab','1994-03-26','f'),(908,'8cf9e5','aa07ae','1996-03-17','f'),(909,'0e47cc','9c9f99','1997-04-23','f'),(910,'d459d9','abeea4','1995-03-27','m'),(911,'957ce4','453e3c','1993-04-01','m'),(912,'08c687','2d2874','1990-11-02','m'),(913,'14c728','9ea136','1993-06-22','f'),(914,'6cbb3f','413615','1993-08-21','m'),(915,'58ebe5','588b87','1996-11-23','m'),(916,'b88d19','432b77','1991-07-05','f'),(917,'a2b088','bc4ca1','1998-07-15','f'),(918,'fdf895','91e689','1996-03-13','f'),(919,'61ca46','848320','1994-06-26','m'),(920,'f825c6','bebaa2','1996-07-23','m'),(921,'87ed96','0730a6','1996-09-14','m'),(922,'6c87e2','b0a6d7','1998-08-07','m'),(923,'7e3b3f','21b48d','1997-03-26','f'),(924,'89e1bd','2e3b21','1994-10-02','f'),(925,'e2ebe5','c8581d','1994-03-19','m'),(926,'ea032e','de6314','1990-09-28','f'),(927,'86ca7a','53e31f','1992-10-12','f'),(928,'482193','9406fb','1994-03-10','f'),(929,'c9cad5','631d97','1991-08-25','m'),(930,'b4a066','77e69a','1995-09-06','m'),(931,'2c09c3','20d05f','1995-02-28','m'),(932,'a0f8cf','4d552d','1990-02-04','f'),(933,'349883','d44a34','1993-12-23','f'),(934,'beea6f','2fbfdc','1996-11-12','f'),(935,'be3684','9edc20','1993-01-27','m'),(936,'c52b0a','079055','1998-04-27','m'),(937,'488f88','1a036d','1995-06-29','m'),(938,'3c6d8f','e3f4c3','1999-07-30','m'),(939,'f2ed83','9e896b','1991-02-05','f'),(940,'f8c952','5f2c23','1999-12-17','m'),(942,'521041','cc424d','1993-03-18','m'),(943,'f4edec','732213','1995-02-15','m'),(944,'fe24ae','2c4f95','1997-08-07','m'),(945,'350454','c876f1','1992-06-24','f'),(946,'f16c0a','01c293','1994-06-11','f'),(947,'b90412','d288e8','1993-01-14','m'),(948,'84d5e6','a19c06','1992-09-23','m'),(949,'47af42','dc8f34','1990-01-21','m'),(950,'089eee','131e0a','1997-09-10','f'),(951,'e18c6b','429aff','1994-08-21','f'),(952,'76ed63','ec07c5','1997-10-28','f'),(953,'d3ad80','8abf8c','1998-06-12','m'),(954,'5fa088','4603d6','1993-12-22','f'),(955,'5d8973','88730f','1999-04-07','m'),(956,'5518d5','189565','1997-01-14','f'),(957,'634b3f','50bac9','1994-06-07','m'),(958,'d05cb7','7ace03','1999-11-19','f'),(959,'27ea17','edb7db','1991-09-07','m'),(960,'6bbfa9','8209e9','1996-03-14','m'),(961,'3f05ff','9928e3','1991-04-04','f'),(962,'8d5fce','682049','1998-05-03','m'),(963,'7f4a00','488b2b','1998-11-29','m'),(964,'d2db3d','d95d0a','1991-09-25','f'),(965,'c0d5d7','29b8be','1992-01-08','m'),(966,'438b18','b5a400','1992-09-27','f'),(967,'ce7267','ae9e03','1996-05-16','f'),(968,'3d0632','e1369f','1994-04-05','f'),(969,'da1480','e2cf84','1994-08-23','m'),(970,'d8b1fa','1c28a2','1998-01-26','m'),(971,'68d12c','f5e3db','1992-10-28','m'),(972,'e21075','20b526','1994-11-02','m'),(973,'18eb02','9dbabe','1990-12-08','f'),(974,'33cfcb','19bb19','1999-04-14','m'),(975,'c16553','048041','1999-09-30','m'),(976,'ada82e','ac9f63','1991-11-29','f'),(977,'5c7b8f','bb2f9b','1995-07-03','f'),(978,'09eea7','782cab','1993-03-31','m'),(979,'ed93a0','6475e7','1998-02-07','f'),(980,'0f9080','c70106','1997-03-06','f'),(981,'10d7fe','124198','1996-03-03','m'),(982,'87902e','1df473','1995-05-17','m'),(983,'c74f10','823ea4','1993-05-27','f'),(984,'b78e59','b18556','1992-04-26','m'),(985,'8a413e','b2ee15','1999-03-14','f'),(986,'e48b9b','e28d9a','1998-03-08','m'),(987,'2cc73c','ed56f9','1992-06-11','f'),(988,'ed51c4','b11c72','1994-12-15','f'),(989,'38eebb','1470e5','1991-10-22','f'),(990,'cf1405','d1d62a','1997-12-02','m'),(991,'839470','adfa58','1990-11-26','f'),(992,'d3e824','22ad0d','1998-04-23','f'),(993,'0673af','193769','1997-06-17','f'),(994,'51a1f6','59705b','1996-01-14','f'),(995,'a2103d','9f2c40','1997-02-18','f'),(996,'663916','7eca2d','1998-09-11','m'),(997,'053701','619742','1995-04-19','f'),(998,'7ba039','4cfd8f','1992-12-02','m'),(999,'55e5a9','81dcab','1992-08-21','m'),(1000,'5a3fca','0ce159','1998-09-10','m'),(1001,'f64790','0efefb','1998-06-05','m'),(1002,'c42593','9ffe72','1996-06-20','m'),(1003,'19d37d','428058','1996-09-01','m'),(1004,'4fbcf8','dd64d8','1993-11-11','f'),(1005,'becb47','3e9b47','1995-02-10','f'),(1006,'8142bf','9eaa67','1990-07-14','f'),(1007,'a9614f','c3a488','1998-03-29','f'),(1008,'dc8538','5bc13b','1994-01-06','m'),(1009,'993f8e','734048','1990-05-03','f'),(9999,'401a92','77cf37','1999-10-09','m');
/*!40000 ALTER TABLE `osoba` ENABLE KEYS */;
UNLOCK TABLES;
/*!50003 SET @saved_cs_client      = @@character_set_client */ ;
/*!50003 SET @saved_cs_results     = @@character_set_results */ ;
/*!50003 SET @saved_col_connection = @@collation_connection */ ;
/*!50003 SET character_set_client  = utf8mb4 */ ;
/*!50003 SET character_set_results = utf8mb4 */ ;
/*!50003 SET collation_connection  = utf8mb4_general_ci */ ;
/*!50003 SET @saved_sql_mode       = @@sql_mode */ ;
/*!50003 SET sql_mode              = 'STRICT_TRANS_TABLES,NO_ENGINE_SUBSTITUTION' */ ;
DELIMITER ;;
/*!50003 CREATE*/ /*!50017 DEFINER=`root`@`localhost`*/ /*!50003 TRIGGER `pelnoletnoscCheck` BEFORE INSERT ON `osoba` FOR EACH ROW BEGIN
IF TIMESTAMPDIFF(YEAR, NEW.dataUrodzenia, '2019-10-31') < 18  THEN
SIGNAL SQLSTATE '45000' SET MESSAGE_TEXT = 'Uzytkownik nie jest pelnoletni!';
END IF;
END */;;
DELIMITER ;
/*!50003 SET sql_mode              = @saved_sql_mode */ ;
/*!50003 SET character_set_client  = @saved_cs_client */ ;
/*!50003 SET character_set_results = @saved_cs_results */ ;
/*!50003 SET collation_connection  = @saved_col_connection */ ;
/*!50003 SET @saved_cs_client      = @@character_set_client */ ;
/*!50003 SET @saved_cs_results     = @@character_set_results */ ;
/*!50003 SET @saved_col_connection = @@collation_connection */ ;
/*!50003 SET character_set_client  = utf8mb4 */ ;
/*!50003 SET character_set_results = utf8mb4 */ ;
/*!50003 SET collation_connection  = utf8mb4_general_ci */ ;
/*!50003 SET @saved_sql_mode       = @@sql_mode */ ;
/*!50003 SET sql_mode              = 'STRICT_TRANS_TABLES,NO_ENGINE_SUBSTITUTION' */ ;
DELIMITER ;;
/*!50003 CREATE*/ /*!50017 DEFINER=`root`@`localhost`*/ /*!50003 TRIGGER `zad14` BEFORE DELETE ON `osoba` FOR EACH ROW BEGIN
DELETE FROM hobby WHERE hobby.id = OLD.ID;
UPDATE zwierzak SET ownerID = (SELECT id FROM osoba ORDER BY RAND() LIMIT 1) WHERE zwierzak.ownerID = OLD.ID;
END */;;
DELIMITER ;
/*!50003 SET sql_mode              = @saved_sql_mode */ ;
/*!50003 SET character_set_client  = @saved_cs_client */ ;
/*!50003 SET character_set_results = @saved_cs_results */ ;
/*!50003 SET collation_connection  = @saved_col_connection */ ;

--
-- Temporary view structure for view `polaczonehobby`
--

DROP TABLE IF EXISTS `polaczonehobby`;
/*!50001 DROP VIEW IF EXISTS `polaczonehobby`*/;
SET @saved_cs_client     = @@character_set_client;
/*!50503 SET character_set_client = utf8mb4 */;
/*!50001 CREATE VIEW `polaczonehobby` AS SELECT 
 1 AS `id`,
 1 AS `nazwa`,
 1 AS `kategoria`*/;
SET character_set_client = @saved_cs_client;

--
-- Table structure for table `praca`
--

DROP TABLE IF EXISTS `praca`;
/*!40101 SET @saved_cs_client     = @@character_set_client */;
/*!50503 SET character_set_client = utf8mb4 */;
CREATE TABLE `praca` (
  `idZawod` int(11) NOT NULL,
  `idOsoba` int(11) NOT NULL,
  `zarobek` int(11) NOT NULL,
  PRIMARY KEY (`idZawod`,`idOsoba`,`zarobek`)
) ENGINE=InnoDB DEFAULT CHARSET=utf8mb4 COLLATE=utf8mb4_0900_ai_ci;
/*!40101 SET character_set_client = @saved_cs_client */;

--
-- Dumping data for table `praca`
--

LOCK TABLES `praca` WRITE;
/*!40000 ALTER TABLE `praca` DISABLE KEYS */;
INSERT INTO `praca` VALUES (1,47,3928),(1,64,3267),(1,72,3373),(1,80,3136),(1,118,3812),(1,143,3191),(1,166,3137),(1,198,3544),(1,230,3419),(1,279,3160),(1,282,4118),(1,286,4048),(1,291,3871),(1,307,3025),(1,328,3277),(1,343,3063),(1,354,3515),(1,371,3489),(1,382,4245),(1,383,3592),(1,414,3229),(1,418,3989),(1,424,4259),(1,428,4145),(1,437,3118),(1,463,4121),(1,485,3468),(1,496,4054),(1,502,4136),(1,523,3744),(1,532,3137),(1,540,3196),(1,545,3131),(1,561,4073),(1,578,4147),(1,602,3555),(1,636,3648),(1,642,3489),(1,669,3380),(1,684,3432),(1,709,3184),(1,768,3376),(1,772,3125),(1,784,3313),(1,817,3643),(1,833,3740),(1,859,3301),(1,862,3346),(1,872,3287),(1,916,3430),(1,926,3072),(1,964,3634),(1,971,3182),(1,1000,3586),(1,1006,3316),(2,10,3300),(2,28,3300),(2,49,3410),(2,50,3300),(2,55,3410),(2,65,3410),(2,88,3300),(2,93,3410),(2,105,3410),(2,179,3410),(2,180,3300),(2,185,3410),(2,187,3410),(2,188,3300),(2,197,3410),(2,258,3300),(2,265,3410),(2,281,3410),(2,289,3410),(2,299,3410),(2,324,3300),(2,330,3300),(2,340,3300),(2,348,3300),(2,358,3300),(2,374,3300),(2,386,3300),(2,439,3410),(2,452,3300),(2,477,3410),(2,531,3410),(2,543,3410),(2,544,3300),(2,547,3410),(2,550,3300),(2,560,3300),(2,584,3300),(2,589,3410),(2,596,3300),(2,598,3300),(2,608,3300),(2,609,3410),(2,614,3300),(2,653,3410),(2,667,3410),(2,681,3410),(2,745,3410),(2,755,3410),(2,780,3300),(2,793,3410),(2,808,3300),(2,823,3410),(2,832,3300),(2,843,3410),(2,848,3300),(2,884,3300),(2,892,3300),(2,896,3300),(2,974,3300),(2,988,3300),(2,1002,3300),(3,4,4360),(3,7,2929),(3,14,4430),(3,15,3976),(3,21,4240),(3,32,3105),(3,60,2903),(3,122,4475),(3,128,2923),(3,134,4202),(3,144,3737),(3,151,4136),(3,217,3395),(3,221,3820),(3,223,2867),(3,245,3512),(3,255,3940),(3,269,3117),(3,294,2964),(3,295,3101),(3,345,4576),(3,346,4043),(3,362,3498),(3,376,3761),(3,395,3956),(3,457,3908),(3,458,3339),(3,459,2755),(3,476,4327),(3,498,4444),(3,507,4096),(3,529,3323),(3,530,3675),(3,558,3510),(3,568,3654),(3,574,3614),(3,577,2670),(3,579,3728),(3,580,4113),(3,605,3544),(3,619,3425),(3,620,3965),(3,638,3029),(3,644,4452),(3,660,3080),(3,673,2731),(3,697,2958),(3,716,3864),(3,717,3598),(3,722,3800),(3,723,4193),(3,733,2756),(3,742,3055),(3,783,4306),(3,818,4367),(3,842,3031),(3,853,3003),(3,871,4027),(3,910,4405),(3,911,3624),(3,918,4038),(3,920,3127),(3,922,3750),(3,934,3253),(3,949,3788),(3,956,4191),(3,958,3031),(3,965,4515),(3,970,3437),(3,973,4243),(3,975,3059),(3,976,4452),(3,986,3165),(4,59,2654),(4,70,2815),(4,84,3067),(4,116,2864),(4,139,3392),(4,142,3067),(4,155,2513),(4,183,2662),(4,189,2675),(4,201,4015),(4,207,3354),(4,208,3384),(4,212,3058),(4,253,3736),(4,263,3528),(4,283,3553),(4,292,2374),(4,333,3428),(4,344,4027),(4,351,3211),(4,400,4220),(4,408,4299),(4,442,3609),(4,447,2885),(4,449,2334),(4,453,2621),(4,493,3866),(4,495,2659),(4,504,2372),(4,518,3597),(4,526,4394),(4,538,4292),(4,567,3916),(4,576,3775),(4,582,2390),(4,628,2700),(4,643,4051),(4,664,3952),(4,677,3546),(4,690,4445),(4,701,3694),(4,704,3905),(4,707,2963),(4,757,2773),(4,758,3133),(4,765,4420),(4,769,2922),(4,788,2709),(4,795,4271),(4,799,4159),(4,825,2408),(4,854,3886),(4,864,2745),(4,908,3859),(4,925,4328),(4,936,3319),(4,937,3540),(4,943,3819),(4,961,4415),(4,999,4286),(5,19,2626),(5,76,2644),(5,97,4703),(5,110,2831),(5,127,3108),(5,169,4813),(5,209,4005),(5,211,2659),(5,236,4465),(5,238,2926),(5,241,4517),(5,280,4515),(5,293,4362),(5,313,4626),(5,316,2822),(5,357,3722),(5,394,4038),(5,403,3313),(5,434,4058),(5,451,2689),(5,464,3188),(5,467,3119),(5,469,3707),(5,479,4462),(5,552,3819),(5,557,3607),(5,562,4479),(5,617,4461),(5,651,4095),(5,658,4260),(5,665,3237),(5,668,2979),(5,689,3784),(5,734,3927),(5,735,3920),(5,766,4530),(5,775,3742),(5,805,3208),(5,870,4274),(5,875,3191),(5,882,2852),(5,953,3583),(5,959,3681),(5,994,2684),(5,1008,4356),(6,22,2581),(6,36,2203),(6,38,2169),(6,54,2668),(6,58,3212),(6,69,3112),(6,77,2877),(6,87,2790),(6,94,4085),(6,98,3503),(6,120,2834),(6,126,3696),(6,157,3248),(6,158,3326),(6,160,2760),(6,177,3270),(6,193,2581),(6,194,4012),(6,216,3357),(6,242,4060),(6,243,3761),(6,244,2229),(6,247,3563),(6,267,2439),(6,284,3209),(6,296,2470),(6,297,2786),(6,301,3781),(6,338,3208),(6,342,2765),(6,388,3728),(6,420,2321),(6,497,2600),(6,509,2609),(6,510,3808),(6,563,2902),(6,610,3349),(6,623,2214),(6,657,3194),(6,662,3051),(6,692,2853),(6,698,3544),(6,708,2703),(6,711,2729),(6,712,3780),(6,751,3109),(6,763,2267),(6,801,3473),(6,806,2542),(6,816,2261),(6,839,2999),(6,857,3427),(6,860,3239),(6,861,3440),(6,869,3205),(6,915,3393),(6,921,3119),(6,928,2714),(6,945,4091),(6,951,3764),(6,955,2955),(6,957,3057),(6,960,3454),(6,979,3584),(6,990,2953),(7,20,4089),(7,46,4240),(7,135,4402),(7,137,4373),(7,138,3541),(7,161,4389),(7,163,3429),(7,186,3209),(7,190,4388),(7,210,3146),(7,305,3179),(7,308,3705),(7,320,3451),(7,347,3869),(7,377,4056),(7,389,3358),(7,398,2969),(7,416,4416),(7,435,3424),(7,444,3768),(7,445,4304),(7,456,4133),(7,475,3921),(7,480,2989),(7,490,3494),(7,503,2991),(7,521,3372),(7,554,4135),(7,555,3586),(7,556,3547),(7,565,3440),(7,591,4026),(7,601,3727),(7,626,3316),(7,639,3021),(7,648,3232),(7,655,3130),(7,656,4144),(7,661,3016),(7,729,3571),(7,732,4121),(7,741,3107),(7,744,3802),(7,746,4060),(7,748,3830),(7,750,3131),(7,762,3271),(7,789,3025),(7,792,4528),(7,847,2969),(7,858,3150),(7,883,3501),(7,889,4034),(7,906,4267),(7,907,4267),(7,912,3504),(7,940,3623),(7,952,3752),(7,954,4488),(7,962,3953),(7,972,3296),(7,978,3946),(7,997,3334),(7,998,3887),(8,23,4011),(8,30,3031),(8,114,2606),(8,124,2556),(8,147,3581),(8,178,2569),(8,191,2318),(8,206,2499),(8,213,4000),(8,225,3562),(8,228,3097),(8,251,3822),(8,302,2312),(8,310,3075),(8,314,3391),(8,359,3361),(8,373,3161),(8,384,3964),(8,393,2547),(8,410,2850),(8,415,3876),(8,425,2284),(8,441,3129),(8,468,2956),(8,481,2528),(8,482,2669),(8,484,2628),(8,486,2709),(8,494,3948),(8,512,3427),(8,520,2210),(8,537,3248),(8,590,3371),(8,594,3532),(8,611,3779),(8,641,4025),(8,645,3539),(8,649,3650),(8,654,2337),(8,663,3959),(8,671,3401),(8,686,2791),(8,694,2567),(8,696,2238),(8,702,2471),(8,715,2794),(8,730,2856),(8,760,2876),(8,764,3538),(8,802,3619),(8,803,3431),(8,820,3026),(8,828,3839),(8,836,3878),(8,863,3515),(8,868,3201),(8,890,2827),(8,901,2364),(8,919,3028),(8,924,2248),(8,942,3515),(8,946,2438),(8,947,2651),(8,948,3370),(8,985,3354),(8,995,3613),(8,1007,2504),(9,25,4177),(9,26,3635),(9,44,4086),(9,57,2636),(9,75,2856),(9,123,3974),(9,182,4254),(9,204,3022),(9,214,3426),(9,227,4022),(9,276,3312),(9,312,3809),(9,337,2999),(9,421,2069),(9,430,3018),(9,491,4282),(9,500,3486),(9,519,2864),(9,553,4022),(9,587,3546),(9,593,2392),(9,618,3541),(9,635,3627),(9,637,2658),(9,674,4086),(9,710,3593),(9,720,3826),(9,731,3389),(9,738,2626),(9,743,2309),(9,776,2249),(9,779,3566),(9,794,3127),(9,804,3305),(9,815,2784),(9,826,2868),(9,856,3520),(9,888,2914),(9,900,3158),(9,904,2177),(9,944,2568),(9,963,4094),(10,62,3841),(10,73,3583),(10,83,3301),(10,90,2611),(10,104,2922),(10,108,3773),(10,112,2880),(10,132,2757),(10,148,3640),(10,150,4042),(10,154,3452),(10,156,3234),(10,159,3568),(10,162,3247),(10,168,2580),(10,173,2804),(10,200,2935),(10,222,3481),(10,235,3411),(10,264,3822),(10,271,2941),(10,306,3389),(10,326,2767),(10,329,3905),(10,331,3991),(10,336,3955),(10,350,3470),(10,369,2643),(10,372,3444),(10,380,3220),(10,438,3986),(10,446,3051),(10,454,3346),(10,460,3211),(10,488,2607),(10,492,3095),(10,517,2856),(10,525,3775),(10,571,3990),(10,586,3503),(10,588,3511),(10,600,2729),(10,629,2689),(10,646,2635),(10,647,3126),(10,687,3374),(10,700,3226),(10,706,3555),(10,713,3455),(10,724,2628),(10,727,3717),(10,736,3559),(10,737,2954),(10,747,3453),(10,752,2778),(10,756,3615),(10,761,3425),(10,796,2849),(10,812,3578),(10,824,2759),(10,849,3416),(10,873,3257),(10,879,3823),(10,894,2648),(10,897,3859),(10,917,3960),(10,939,2959),(10,950,2844),(10,983,2627),(10,1005,3485),(11,11,3611),(11,12,3539),(11,40,4034),(11,45,2332),(11,66,3998),(11,152,2650),(11,195,2687),(11,219,4093),(11,254,2121),(11,256,3064),(11,257,4744),(11,318,3262),(11,323,4297),(11,349,3048),(11,367,4588),(11,396,2860),(11,405,4038),(11,411,4292),(11,427,3675),(11,432,2748),(11,470,2298),(11,478,3737),(11,483,2237),(11,487,2827),(11,499,3864),(11,511,2754),(11,514,4379),(11,536,2655),(11,541,4374),(11,570,3783),(11,616,2634),(11,625,3788),(11,650,4213),(11,659,3395),(11,672,4123),(11,678,4413),(11,682,4268),(11,714,2672),(11,770,2989),(11,777,2949),(11,786,3102),(11,787,4434),(11,810,4099),(11,811,3638),(11,822,4020),(11,834,2716),(11,835,2242),(11,841,3680),(11,846,2906),(11,874,2581),(11,880,2850),(11,881,2338),(11,887,3138),(11,898,2954),(11,913,2704),(11,932,3954),(11,935,4821),(11,991,3550),(11,993,3019),(11,1004,2349),(12,8,3255),(12,13,4002),(12,42,2955),(12,78,3859),(12,82,3905),(12,95,3625),(12,96,3871),(12,99,2947),(12,141,3671),(12,153,3707),(12,170,3851),(12,239,3922),(12,250,3140),(12,260,3815),(12,270,3004),(12,290,3089),(12,325,3050),(12,360,3484),(12,368,3385),(12,379,3298),(12,402,3300),(12,409,3517),(12,426,3792),(12,436,3964),(12,440,3908),(12,501,3743),(12,506,3165),(12,542,3621),(12,569,3050),(12,597,3730),(12,612,2976),(12,624,3873),(12,627,3154),(12,631,3774),(12,634,3807),(12,640,3982),(12,680,3655),(12,695,3765),(12,699,3385),(12,705,3335),(12,749,3212),(12,753,3594),(12,773,2951),(12,790,3505),(12,797,4009),(12,819,3318),(12,821,3265),(12,830,3029),(12,831,2990),(12,838,3954),(12,851,3665),(12,855,3717),(12,866,3060),(12,867,3726),(12,885,3735),(12,899,3532),(12,966,3059),(12,977,3902),(12,980,3754),(12,981,4041),(12,987,3922),(12,989,3428),(12,992,3901),(12,1003,3600),(12,1009,3970),(12,9999,3391),(13,6,4636),(13,24,4255),(13,33,4551),(13,37,3536),(13,39,4721),(13,52,4259),(13,53,3025),(13,61,3081),(13,67,3078),(13,68,2872),(13,103,2864),(13,111,3027),(13,133,3266),(13,140,3582),(13,175,2323),(13,196,3159),(13,226,4728),(13,229,4423),(13,248,4149),(13,252,2550),(13,259,4546),(13,266,2903),(13,287,3541),(13,303,4840),(13,319,2844),(13,341,2347),(13,364,2823),(13,375,4460),(13,378,2792),(13,399,3142),(13,448,3580),(13,450,2496),(13,465,2596),(13,513,2812),(13,534,2455),(13,575,4754),(13,583,4230),(13,603,4824),(13,622,3203),(13,666,2971),(13,675,2686),(13,685,2622),(13,693,4653),(13,725,3576),(13,739,2783),(13,740,2284),(13,759,3109),(13,771,3898),(13,774,4232),(13,800,3687),(13,813,4649),(13,827,3273),(13,837,3757),(13,886,2383),(13,902,3062),(13,909,2827),(13,929,4281),(13,930,3725),(13,931,4519),(13,982,4030),(13,996,3099),(14,9,3848),(14,16,2704),(14,17,2014),(14,35,4225),(14,51,3575),(14,79,3315),(14,92,2965),(14,106,4484),(14,113,2607),(14,119,3505),(14,130,2781),(14,171,3150),(14,174,2237),(14,192,3091),(14,202,2848),(14,220,2370),(14,231,3093),(14,237,2919),(14,246,2825),(14,285,3682),(14,309,4147),(14,322,2910),(14,334,3789),(14,355,4168),(14,381,3741),(14,391,4303),(14,392,2947),(14,397,3195),(14,401,4150),(14,431,3394),(14,455,2953),(14,471,3768),(14,473,3311),(14,474,4181),(14,508,3315),(14,515,2306),(14,527,2416),(14,551,2114),(14,566,2353),(14,581,3627),(14,599,2775),(14,613,2846),(14,676,3888),(14,679,4194),(14,691,2357),(14,721,2802),(14,728,3659),(14,754,4422),(14,778,2607),(14,785,3534),(14,798,2191),(14,829,3579),(14,844,4185),(14,852,4439),(14,865,2251),(14,891,2479),(14,895,3996),(14,923,4222),(14,927,4642),(14,967,2998),(14,969,2466),(14,984,2707),(14,1001,4031),(15,2,2890),(15,18,3398),(15,48,3039),(15,91,4128),(15,117,3774),(15,125,3482),(15,129,3092),(15,165,2875),(15,181,3256),(15,199,3097),(15,232,3849),(15,261,2893),(15,262,4168),(15,298,3188),(15,356,3663),(15,366,3651),(15,404,3894),(15,406,4215),(15,419,4205),(15,462,3974),(15,466,3710),(15,489,3744),(15,516,3136),(15,549,3768),(15,572,2752),(15,585,3072),(15,595,3771),(15,630,3219),(15,670,2828),(15,703,4041),(15,718,3262),(15,726,3387),(15,781,3924),(15,807,3703),(15,814,3303),(15,845,3302),(15,876,3705),(15,877,4188),(15,893,3327),(15,905,3326),(15,914,4073),(15,933,2781),(15,938,3891),(15,968,4106);
/*!40000 ALTER TABLE `praca` ENABLE KEYS */;
UNLOCK TABLES;

--
-- Temporary view structure for view `randomdate`
--

DROP TABLE IF EXISTS `randomdate`;
/*!50001 DROP VIEW IF EXISTS `randomdate`*/;
SET @saved_cs_client     = @@character_set_client;
/*!50503 SET character_set_client = utf8mb4 */;
/*!50001 CREATE VIEW `randomdate` AS SELECT 
 1 AS `date`*/;
SET character_set_client = @saved_cs_client;

--
-- Temporary view structure for view `randomdatelong`
--

DROP TABLE IF EXISTS `randomdatelong`;
/*!50001 DROP VIEW IF EXISTS `randomdatelong`*/;
SET @saved_cs_client     = @@character_set_client;
/*!50503 SET character_set_client = utf8mb4 */;
/*!50001 CREATE VIEW `randomdatelong` AS SELECT 
 1 AS `date`*/;
SET character_set_client = @saved_cs_client;

--
-- Table structure for table `sport`
--

DROP TABLE IF EXISTS `sport`;
/*!40101 SET @saved_cs_client     = @@character_set_client */;
/*!50503 SET character_set_client = utf8mb4 */;
CREATE TABLE `sport` (
  `id` int(11) NOT NULL AUTO_INCREMENT,
  `nazwa` varchar(20) NOT NULL,
  `typ` enum('indywidualny','drużynowy','mieszany') NOT NULL DEFAULT 'drużynowy',
  `lokacja` varchar(20) DEFAULT NULL,
  PRIMARY KEY (`id`),
  UNIQUE KEY `indexSport` (`id`,`nazwa`),
  KEY `indexSport2` (`id`,`nazwa`)
) ENGINE=InnoDB AUTO_INCREMENT=10000 DEFAULT CHARSET=utf8mb4 COLLATE=utf8mb4_0900_ai_ci;
/*!40101 SET character_set_client = @saved_cs_client */;

--
-- Dumping data for table `sport`
--

LOCK TABLES `sport` WRITE;
/*!40000 ALTER TABLE `sport` DISABLE KEYS */;
INSERT INTO `sport` VALUES (1,'f24da9','indywidualny','e90b2d'),(2,'4f6ecb','indywidualny','e90b2d'),(3,'e6222a','mieszany','3a5d6d'),(4,'3e223e','drużynowy','60a3e2'),(5,'875dd0','drużynowy','4a1648'),(6,'212ec0','drużynowy','3c3f3c'),(7,'76a196','drużynowy','d269e5'),(8,'a6d253','mieszany','17162d'),(9,'271c6f','mieszany','34e41e'),(10,'724365','indywidualny','a46fb1'),(11,'a1dfcd','drużynowy','c9b5e4'),(12,'99666d','drużynowy','f89d48'),(13,'3673b2','indywidualny','4d8564'),(14,'eef073','mieszany','138801'),(15,'330d7f','drużynowy','8055da'),(16,'5859b7','indywidualny','022af5'),(17,'fc253c','drużynowy','78c9e0'),(18,'d532b5','indywidualny','379d68'),(19,'58e233','mieszany','05f5fa'),(20,'bf70eb','mieszany','1e6350'),(21,'5f7c31','drużynowy','3509cb'),(22,'4561ad','drużynowy','eb3271'),(23,'633325','indywidualny','e8ddf4'),(24,'f1f444','mieszany','54b8c4'),(25,'1b9825','indywidualny','ab91a8'),(26,'f3dd43','indywidualny','c5bd68'),(27,'465486','drużynowy','2d6b47'),(28,'2d1e98','drużynowy','b218b8'),(29,'1480f1','drużynowy','d5fe4d'),(30,'79e9c6','drużynowy','fe5d62'),(31,'15fd6f','indywidualny','6a253a'),(32,'a48252','indywidualny','1e7668'),(33,'e51b16','mieszany','23fd1d'),(34,'9b4d46','indywidualny','3daf58'),(35,'27c9ec','drużynowy','b5a24e'),(36,'b69452','mieszany','5f3d38'),(37,'5a599b','mieszany','abede3'),(38,'37ded0','drużynowy','4f98e8'),(39,'7f81b6','mieszany','5791e8'),(40,'d63985','indywidualny','6e1394'),(41,'6f441c','mieszany','028c15'),(42,'92cc39','mieszany','528d95'),(43,'5fb5fa','indywidualny','a8d648'),(44,'a3bfc1','indywidualny','bbad71'),(45,'f63944','indywidualny','144385'),(46,'901b76','drużynowy','dea48d'),(47,'a407f0','indywidualny','04aff9'),(48,'9e8e7d','indywidualny','135d45'),(49,'f969f8','indywidualny','ed6a62'),(50,'fe594c','drużynowy','0e70e4'),(51,'f76cdc','indywidualny','eb0cb0'),(52,'469c50','indywidualny','2172b6'),(53,'0f3baf','indywidualny','cb142a'),(54,'8ada57','mieszany','d4391d'),(55,'511eb3','drużynowy','6349fe'),(56,'cbfe80','mieszany','ed20a5'),(57,'cc6e52','mieszany','948e5b'),(58,'8543bc','drużynowy','c6f1ff'),(59,'152523','drużynowy','b4f129'),(60,'2e4e96','drużynowy','91ec4f'),(61,'18a387','drużynowy','fc3cc8'),(62,'ea7348','mieszany','2ac2e9'),(63,'8ee89f','indywidualny','9eaf1f'),(64,'d40a68','indywidualny','0bad9c'),(65,'47d463','drużynowy','77e837'),(66,'2e4241','drużynowy','627e7c'),(67,'3c7686','indywidualny','9f1e72'),(68,'5e1cc5','mieszany','25ea81'),(69,'15ee69','indywidualny','0fffa5'),(70,'817d9c','mieszany','8de0b7'),(71,'e80ec8','drużynowy','caee53'),(72,'bb4a3d','drużynowy','c02840'),(73,'ddb3f6','mieszany','553e09'),(74,'706c39','indywidualny','83e55e'),(75,'925d6e','indywidualny','78d4b0'),(76,'0cf1fe','indywidualny','d6d310'),(77,'da1a80','drużynowy','994498'),(78,'c26945','indywidualny','bb0c06'),(79,'0aeab4','drużynowy','97a8b4'),(80,'524455','mieszany','c328ae'),(81,'4d9c91','indywidualny','6a7084'),(82,'2d1c87','mieszany','a3a185'),(83,'ae3515','mieszany','f7c5bc'),(84,'f0c068','indywidualny','e801bf'),(85,'7bbc64','drużynowy','fda40e'),(86,'9f7212','indywidualny','d28fd5'),(87,'494892','indywidualny','d17db7'),(88,'df05f0','drużynowy','882bbb'),(89,'3161f0','indywidualny','b3eeb9'),(90,'879712','drużynowy','710395'),(91,'e6c256','mieszany','9f76cf'),(92,'b91157','mieszany','d353d3'),(93,'9207a2','mieszany','9fe9df'),(94,'0745e4','drużynowy','629246'),(95,'a90c02','mieszany','579935'),(96,'78921d','drużynowy','7bb84a'),(97,'31a9d1','drużynowy','1801ea'),(98,'b91f72','indywidualny','8d21b3'),(99,'3cba1f','drużynowy','fb86ac'),(100,'846711','indywidualny','a89cc6'),(101,'c1b290','indywidualny','2bfd6f'),(102,'789e11','indywidualny','7d9733'),(103,'aaea6b','mieszany','7d51ea'),(104,'007377','indywidualny','e393df'),(105,'03b115','drużynowy','4fb1f4'),(106,'b99b39','drużynowy','443a14'),(107,'3dce99','indywidualny','23a306'),(108,'228c18','indywidualny','68003a'),(109,'df1c6d','mieszany','960e3c'),(110,'58bb23','indywidualny','13ea2b'),(111,'8f78e4','mieszany','38e64b'),(112,'6427d4','mieszany','bc2360'),(113,'3e67a8','drużynowy','fd8444'),(114,'f3c9f6','drużynowy','304ac7'),(115,'eadf62','drużynowy','b21121'),(116,'4fcb28','mieszany','5d3bdd'),(117,'18b12e','mieszany','b59bed'),(118,'30e266','drużynowy','9c94a5'),(119,'136aca','indywidualny','48fce8'),(120,'c72911','mieszany','fc83eb'),(121,'f5aa31','drużynowy','9e02aa'),(122,'c0c33d','mieszany','65a4d8'),(123,'e21e52','drużynowy','8db1f9'),(124,'55c680','drużynowy','67d456'),(125,'16b9c7','drużynowy','377b57'),(126,'d5a87c','mieszany','19dace'),(127,'5ebecb','drużynowy','08be67'),(128,'155622','indywidualny','dd48ce'),(129,'025d21','drużynowy','811d1b'),(130,'bd59e3','mieszany','618e68'),(131,'f3edfa','mieszany','4617c7'),(132,'cbf6be','drużynowy','83d541'),(133,'a3001c','mieszany','8261e4'),(134,'81f585','mieszany','97b7b5'),(135,'d32cff','indywidualny','dc92c6'),(136,'93115a','indywidualny','6b7d5f'),(137,'ec8b44','indywidualny','868ab0'),(138,'9265dc','drużynowy','f549c4'),(139,'e8e984','drużynowy','0f477a'),(140,'bd408b','drużynowy','3f24d3'),(141,'e1da03','indywidualny','2451a2'),(142,'8f657f','mieszany','eb500f'),(143,'7f4d45','drużynowy','b93d02'),(144,'a880da','drużynowy','5295e5'),(145,'cf1f03','indywidualny','f7c6cd'),(146,'999389','drużynowy','200320'),(147,'15ad4e','indywidualny','2d351b'),(148,'c46077','indywidualny','b20e6a'),(149,'0e318c','indywidualny','2150f3'),(150,'4f2168','indywidualny','fa504e'),(151,'936061','mieszany','86ec96'),(152,'3da450','mieszany','aff999'),(153,'8c0cac','mieszany','9a0a1a'),(154,'530d94','drużynowy','64afe1'),(155,'605748','drużynowy','9fb8b5'),(156,'f56c41','mieszany','edc123'),(157,'1a337b','drużynowy','fb0438'),(158,'029a2b','indywidualny','1eebd4'),(159,'0b4c88','mieszany','029498'),(160,'ac5fbe','drużynowy','f27485'),(161,'3db703','indywidualny','fdd0cb'),(162,'004149','mieszany','f0cf23'),(163,'48dc1c','mieszany','86befd'),(164,'663448','indywidualny','783fd7'),(165,'5397c5','drużynowy','c9a0c1'),(166,'ce6b13','indywidualny','69072a'),(167,'97bcaa','mieszany','e8c1d3'),(168,'ac3328','drużynowy','664b72'),(169,'a79997','mieszany','3c0f2b'),(170,'adafde','mieszany','3a3697'),(171,'db77dc','indywidualny','e31acd'),(172,'c99565','indywidualny','d2c3f5'),(173,'97330f','indywidualny','c47d20'),(174,'17c466','indywidualny','f05c4e'),(175,'1a7cd3','mieszany','118cfc'),(176,'f4a0d9','mieszany','b77ef5'),(177,'92713a','drużynowy','0a754e'),(178,'3e69e1','indywidualny','40ca56'),(179,'915dd9','drużynowy','0293d4'),(180,'08c6e8','mieszany','d0158c'),(181,'704075','drużynowy','8527d0'),(182,'9be400','mieszany','aacb00'),(183,'92d704','mieszany','191f4c'),(184,'c020d0','indywidualny','6d9528'),(185,'762cf2','drużynowy','3f4bd8'),(186,'9d4153','mieszany','f2949d'),(187,'776db7','mieszany','a976af'),(188,'c9a2e9','drużynowy','d72cd7'),(189,'9ceaab','mieszany','050e31'),(190,'36b7fc','indywidualny','43d4b1'),(191,'d4fc90','mieszany','73a1fc'),(192,'52db92','indywidualny','4bd016'),(193,'d87028','mieszany','efbc57'),(194,'5609cd','drużynowy','66adc8'),(195,'ec5610','mieszany','af9eb3'),(196,'9395e2','mieszany','9c0eda'),(197,'0fd144','indywidualny','147107'),(198,'561f6c','mieszany','6f4094'),(199,'28f890','drużynowy','aea886'),(200,'8a2bd8','drużynowy','9dffd8'),(201,'40c0ca','drużynowy','d11af9'),(202,'82a64b','indywidualny','8ff902'),(203,'d05e80','indywidualny','2da404'),(204,'40c139','indywidualny','54339b'),(205,'dec86f','indywidualny','094248'),(206,'114fce','mieszany','47ee17'),(207,'2ec471','indywidualny','680c9d'),(208,'ec7208','indywidualny','86f03e'),(209,'5e6367','drużynowy','f0803b'),(210,'7d8a6d','indywidualny','a708f9'),(211,'ff6da4','indywidualny','3d77b5'),(212,'ebe380','drużynowy','ba5541'),(213,'c1b8c6','mieszany','efeee8'),(214,'8d51cf','drużynowy','1c6fbf'),(215,'fdc767','drużynowy','600ef7'),(216,'e0ce81','drużynowy','4ce068'),(217,'fcb29e','drużynowy','dde283'),(218,'eaaec3','mieszany','b62f48'),(219,'7da88c','indywidualny','e1cf38'),(220,'fbb5c9','mieszany','51ba8e'),(221,'c0107e','indywidualny','0d3ec7'),(222,'6927af','mieszany','fcbce0'),(223,'ac0726','drużynowy','b81bc9'),(224,'a7d1a5','indywidualny','f384e5'),(225,'36508f','indywidualny','8f9479'),(226,'1fc196','indywidualny','e29dc4'),(227,'400a82','indywidualny','4ef438'),(228,'5a74fa','mieszany','87dabd'),(229,'56909c','drużynowy','58b83b'),(230,'aca2e5','mieszany','1ed5d2'),(231,'e647d3','mieszany','00bc19'),(232,'a23fc0','indywidualny','0ed94c'),(233,'2e9656','mieszany','d99c50'),(234,'ee9636','mieszany','dd5c21'),(235,'7ab898','mieszany','59900a'),(236,'dee1be','indywidualny','19d098'),(237,'967765','drużynowy','31260d'),(238,'dca113','mieszany','76e474'),(239,'855f5b','drużynowy','809ea2'),(240,'51060f','indywidualny','ef925b'),(241,'7a71e4','mieszany','a382d8'),(242,'9a4a25','indywidualny','d09163'),(243,'88d44b','drużynowy','23533b'),(244,'4a3a6e','mieszany','746b31'),(245,'fe4a89','indywidualny','d1a288'),(246,'6bf475','mieszany','0be1fc'),(247,'b47578','mieszany','6a1c66'),(248,'117fbe','drużynowy','94129e'),(249,'35a057','indywidualny','15e8c0'),(250,'fa62c2','mieszany','7568a2'),(251,'1804b3','mieszany','76caa8'),(252,'22e832','indywidualny','a1bd43'),(253,'d0cd16','drużynowy','989897'),(254,'85f932','indywidualny','b06e26'),(255,'f4687b','mieszany','e75e1b'),(256,'8036a3','mieszany','c2a542'),(257,'71d1a5','indywidualny','41bc69'),(258,'484362','drużynowy','34816b'),(259,'8ae253','drużynowy','903602'),(260,'c4f907','mieszany','f90890'),(261,'060971','mieszany','0adf09'),(262,'087949','indywidualny','5a9f61'),(263,'ca3732','drużynowy','090b44'),(264,'0aefa1','drużynowy','99cfcc'),(265,'f8d72b','indywidualny','457a63'),(266,'666028','indywidualny','8e3065'),(267,'348771','drużynowy','795469'),(268,'c92530','drużynowy','09eef7'),(269,'9aa55b','drużynowy','fceaed'),(270,'472bd8','indywidualny','966daf'),(271,'97d54e','mieszany','9f2182'),(272,'57f9ed','drużynowy','afe241'),(273,'86a84e','mieszany','b87aad'),(274,'b1ea2a','indywidualny','10812c'),(275,'42b868','mieszany','7bed5b'),(276,'f699ca','indywidualny','ffdce0'),(277,'822ba7','drużynowy','57c1a9'),(278,'506200','drużynowy','b711b1'),(279,'9bf634','drużynowy','1e7624'),(280,'bd09ec','drużynowy','d44fd3'),(281,'35a35f','mieszany','0db9c3'),(282,'04b60f','mieszany','38b842'),(283,'7b385b','mieszany','a55bb0'),(284,'d0aa8e','indywidualny','1f7619'),(285,'8ed0dc','drużynowy','22c3e0'),(286,'8f7fdd','indywidualny','30be45'),(287,'3a5b42','mieszany','348f7c'),(288,'cc2415','indywidualny','09484e'),(289,'edf489','indywidualny','f45f8c'),(290,'8c259f','indywidualny','742913'),(291,'908c5f','indywidualny','00cb90'),(292,'b5a6c5','mieszany','618104'),(293,'73d6ff','indywidualny','bf78d2'),(294,'3bc822','indywidualny','50d3e8'),(295,'04c705','indywidualny','bde4c0'),(296,'f551a8','drużynowy','21fc71'),(297,'81e6ac','mieszany','aa704e'),(298,'5d500c','indywidualny','f7ed9c'),(299,'f1307d','mieszany','467aa9'),(300,'c91180','mieszany','12f548'),(9999,'c52964','mieszany','47a6c8');
/*!40000 ALTER TABLE `sport` ENABLE KEYS */;
UNLOCK TABLES;
/*!50003 SET @saved_cs_client      = @@character_set_client */ ;
/*!50003 SET @saved_cs_results     = @@character_set_results */ ;
/*!50003 SET @saved_col_connection = @@collation_connection */ ;
/*!50003 SET character_set_client  = utf8mb4 */ ;
/*!50003 SET character_set_results = utf8mb4 */ ;
/*!50003 SET collation_connection  = utf8mb4_general_ci */ ;
/*!50003 SET @saved_sql_mode       = @@sql_mode */ ;
/*!50003 SET sql_mode              = 'STRICT_TRANS_TABLES,NO_ENGINE_SUBSTITUTION' */ ;
DELIMITER ;;
/*!50003 CREATE*/ /*!50017 DEFINER=`root`@`localhost`*/ /*!50003 TRIGGER `zad12` AFTER DELETE ON `sport` FOR EACH ROW BEGIN
DELETE FROM hobby WHERE hobby.id = OLD.ID AND hobby.typ = 'sport';
END */;;
DELIMITER ;
/*!50003 SET sql_mode              = @saved_sql_mode */ ;
/*!50003 SET character_set_client  = @saved_cs_client */ ;
/*!50003 SET character_set_results = @saved_cs_results */ ;
/*!50003 SET collation_connection  = @saved_col_connection */ ;

--
-- Table structure for table `zawody`
--

DROP TABLE IF EXISTS `zawody`;
/*!40101 SET @saved_cs_client     = @@character_set_client */;
/*!50503 SET character_set_client = utf8mb4 */;
CREATE TABLE `zawody` (
  `id` int(11) NOT NULL AUTO_INCREMENT,
  `nazwa` varchar(100) DEFAULT NULL,
  `pensjaMin` int(11) DEFAULT NULL,
  `pensjaMax` int(11) DEFAULT NULL,
  PRIMARY KEY (`id`)
) ENGINE=InnoDB AUTO_INCREMENT=16 DEFAULT CHARSET=utf8mb4 COLLATE=utf8mb4_0900_ai_ci;
/*!40101 SET character_set_client = @saved_cs_client */;

--
-- Dumping data for table `zawody`
--

LOCK TABLES `zawody` WRITE;
/*!40000 ALTER TABLE `zawody` DISABLE KEYS */;
INSERT INTO `zawody` VALUES (1,'a',2992,4266),(2,'0a60b7',2981,4835),(3,'2bc89b',2660,4600),(4,'ac0156',2305,4463),(5,'9fcd66',2618,4883),(6,'d371b2',2157,4105),(7,'dcf665',2944,4561),(8,'32ff29',2194,4043),(9,'a4725e',2046,4328),(10,'4678c5',2517,4083),(11,'c48ac3',2086,4829),(12,'f32ba7',2946,4066),(13,'69874b',2281,4920),(14,'2189f1',2004,4763),(15,'1873b9',2729,4231);
/*!40000 ALTER TABLE `zawody` ENABLE KEYS */;
UNLOCK TABLES;

--
-- Table structure for table `zwierzak`
--

DROP TABLE IF EXISTS `zwierzak`;
/*!40101 SET @saved_cs_client     = @@character_set_client */;
/*!50503 SET character_set_client = utf8mb4 */;
CREATE TABLE `zwierzak` (
  `name` varchar(20) DEFAULT NULL,
  `ownerID` int(11) DEFAULT NULL,
  `species` varchar(20) DEFAULT NULL,
  `sex` char(1) DEFAULT NULL,
  `birth` date DEFAULT NULL,
  `death` date DEFAULT NULL,
  KEY `ownerID` (`ownerID`),
  CONSTRAINT `zwierzak_ibfk_1` FOREIGN KEY (`ownerID`) REFERENCES `osoba` (`id`)
) ENGINE=InnoDB DEFAULT CHARSET=utf8mb4 COLLATE=utf8mb4_0900_ai_ci;
/*!40101 SET character_set_client = @saved_cs_client */;

--
-- Dumping data for table `zwierzak`
--

LOCK TABLES `zwierzak` WRITE;
/*!40000 ALTER TABLE `zwierzak` DISABLE KEYS */;
INSERT INTO `zwierzak` VALUES ('Fluffy',971,'cat','f','1993-02-04',NULL),('Claws',2,'cat','m','1994-03-17',NULL),('Buffy',439,'dog','f','1989-05-13',NULL),('Fang',4,'dog','m','1990-08-27',NULL),('Bowser',778,'dog','m','1979-08-31','1995-07-29'),('Chirpy',2,'bird','f','1998-09-11',NULL),('Whistler',2,'bird',NULL,'1997-12-09',NULL),('Slim',4,'snake','m','1996-04-29',NULL),('Puffball',588,'hamster','f','1999-03-30',NULL);
/*!40000 ALTER TABLE `zwierzak` ENABLE KEYS */;
UNLOCK TABLES;

--
-- Dumping routines for database 'hobby'
--
/*!50003 DROP FUNCTION IF EXISTS `dwumian` */;
/*!50003 SET @saved_cs_client      = @@character_set_client */ ;
/*!50003 SET @saved_cs_results     = @@character_set_results */ ;
/*!50003 SET @saved_col_connection = @@collation_connection */ ;
/*!50003 SET character_set_client  = utf8mb4 */ ;
/*!50003 SET character_set_results = utf8mb4 */ ;
/*!50003 SET collation_connection  = utf8mb4_general_ci */ ;
/*!50003 SET @saved_sql_mode       = @@sql_mode */ ;
/*!50003 SET sql_mode              = 'STRICT_TRANS_TABLES,NO_ENGINE_SUBSTITUTION' */ ;
DELIMITER ;;
CREATE DEFINER=`root`@`localhost` FUNCTION `dwumian`(inN int, inK int) RETURNS int(11)
    DETERMINISTIC
BEGIN
DECLARE res int;
WITH RECURSIVE binomial (n, k, val ) AS (
SELECT inN-inK, 0, 1
UNION ALL 
SELECT n + 1, k + 1, ( val*(n+1) ) / (k+1)
FROM binomial WHERE n < inN
)
SELECT val INTO res FROM binomial where k=inK;
RETURN res;
END ;;
DELIMITER ;
/*!50003 SET sql_mode              = @saved_sql_mode */ ;
/*!50003 SET character_set_client  = @saved_cs_client */ ;
/*!50003 SET character_set_results = @saved_cs_results */ ;
/*!50003 SET collation_connection  = @saved_col_connection */ ;
/*!50003 DROP FUNCTION IF EXISTS `laplaceDistribution` */;
/*!50003 SET @saved_cs_client      = @@character_set_client */ ;
/*!50003 SET @saved_cs_results     = @@character_set_results */ ;
/*!50003 SET @saved_col_connection = @@collation_connection */ ;
/*!50003 SET character_set_client  = utf8mb4 */ ;
/*!50003 SET character_set_results = utf8mb4 */ ;
/*!50003 SET collation_connection  = utf8mb4_general_ci */ ;
/*!50003 SET @saved_sql_mode       = @@sql_mode */ ;
/*!50003 SET sql_mode              = 'STRICT_TRANS_TABLES,NO_ENGINE_SUBSTITUTION' */ ;
DELIMITER ;;
CREATE DEFINER=`root`@`localhost` FUNCTION `laplaceDistribution`(u DOUBLE, b DOUBLE) RETURNS double
    DETERMINISTIC
BEGIN
DECLARE res DOUBLE;
DECLARE uniformV DOUBLE;
SET uniformV = (SELECT RAND() - 0.5);
SET res = ( SELECT (u - b*SIGN(uniformV) * LOG(1 - 2*ABS(uniformV))) );
RETURN res;
END ;;
DELIMITER ;
/*!50003 SET sql_mode              = @saved_sql_mode */ ;
/*!50003 SET character_set_client  = @saved_cs_client */ ;
/*!50003 SET character_set_results = @saved_cs_results */ ;
/*!50003 SET collation_connection  = @saved_col_connection */ ;
/*!50003 DROP FUNCTION IF EXISTS `liczHobby` */;
/*!50003 SET @saved_cs_client      = @@character_set_client */ ;
/*!50003 SET @saved_cs_results     = @@character_set_results */ ;
/*!50003 SET @saved_col_connection = @@collation_connection */ ;
/*!50003 SET character_set_client  = utf8mb4 */ ;
/*!50003 SET character_set_results = utf8mb4 */ ;
/*!50003 SET collation_connection  = utf8mb4_general_ci */ ;
/*!50003 SET @saved_sql_mode       = @@sql_mode */ ;
/*!50003 SET sql_mode              = 'STRICT_TRANS_TABLES,NO_ENGINE_SUBSTITUTION' */ ;
DELIMITER ;;
CREATE DEFINER=`root`@`localhost` FUNCTION `liczHobby`(userID INT) RETURNS int(11)
    DETERMINISTIC
BEGIN
DECLARE count INT;
SET count = (SELECT COUNT(*) AS ilosc FROM (SELECT DISTINCT nazwa FROM polaczoneHobby WHERE (id, kategoria) IN (SELECT id, typ FROM hobby WHERE hobby.osoba=userID)) AS TMP3);
RETURN count;
END ;;
DELIMITER ;
/*!50003 SET sql_mode              = @saved_sql_mode */ ;
/*!50003 SET character_set_client  = @saved_cs_client */ ;
/*!50003 SET character_set_results = @saved_cs_results */ ;
/*!50003 SET collation_connection  = @saved_col_connection */ ;
/*!50003 DROP FUNCTION IF EXISTS `liczZwierzaki` */;
/*!50003 SET @saved_cs_client      = @@character_set_client */ ;
/*!50003 SET @saved_cs_results     = @@character_set_results */ ;
/*!50003 SET @saved_col_connection = @@collation_connection */ ;
/*!50003 SET character_set_client  = utf8mb4 */ ;
/*!50003 SET character_set_results = utf8mb4 */ ;
/*!50003 SET collation_connection  = utf8mb4_general_ci */ ;
/*!50003 SET @saved_sql_mode       = @@sql_mode */ ;
/*!50003 SET sql_mode              = 'STRICT_TRANS_TABLES,NO_ENGINE_SUBSTITUTION' */ ;
DELIMITER ;;
CREATE DEFINER=`root`@`localhost` FUNCTION `liczZwierzaki`(userID INT) RETURNS int(11)
    DETERMINISTIC
BEGIN
DECLARE count INT;
SET count = (SELECT COUNT(*) AS ilosc FROM (SELECT DISTINCT species as nazwa FROM zwierzak WHERE zwierzak.ownerID = userID) AS TMP3);
RETURN count;
END ;;
DELIMITER ;
/*!50003 SET sql_mode              = @saved_sql_mode */ ;
/*!50003 SET character_set_client  = @saved_cs_client */ ;
/*!50003 SET character_set_results = @saved_cs_results */ ;
/*!50003 SET collation_connection  = @saved_col_connection */ ;
/*!50003 DROP PROCEDURE IF EXISTS `agreguj` */;
/*!50003 SET @saved_cs_client      = @@character_set_client */ ;
/*!50003 SET @saved_cs_results     = @@character_set_results */ ;
/*!50003 SET @saved_col_connection = @@collation_connection */ ;
/*!50003 SET character_set_client  = utf8mb4 */ ;
/*!50003 SET character_set_results = utf8mb4 */ ;
/*!50003 SET collation_connection  = utf8mb4_general_ci */ ;
/*!50003 SET @saved_sql_mode       = @@sql_mode */ ;
/*!50003 SET sql_mode              = 'STRICT_TRANS_TABLES,NO_ENGINE_SUBSTITUTION' */ ;
DELIMITER ;;
CREATE DEFINER=`root`@`localhost` PROCEDURE `agreguj`(IN agg VARCHAR(15), IN kol VARCHAR(50))
BEGIN
    IF agg IN ('COUNT', 'GROUP_CONCAT', 'MIN', 'MAX', 'AVG', 'STD', 'VAR_POP') AND
       kol IN ('id', 'imię', 'nazwisko', 'dataUrodzenia', 'plec') THEN
      SET @str = CONCAT('SELECT \'', kol, '\', \'', agg, '\', ', agg, '(', kol, ') ', 'FROM osoba;' ) ;
  IF kol in ('dataUrodzenia') AND agg in ('AVG','STD','VAR_POP') THEN 
/*
 SET @str = CONCAT('SELECT \'', kol, '\', \'', agg, '\', ', 'TIMESTAMPDIFF(YEAR, FROM_UNIXTIME(', agg, '(UNIX_TIMESTAMP(', kol, '))), CURDATE()) ', 'FROM osoba;' ) ;
*/
SET @str = CONCAT('SELECT \'', kol, '\', \'', agg, '\', ', agg, '(TIMESTAMPDIFF(YEAR, ', kol ,' ,CURDATE())) ', 'FROM osoba;' ) ;
  END IF;
  SELECT @str;
      PREPARE stmt FROM @str;
      EXECUTE stmt;
      DEALLOCATE PREPARE stmt;
    ELSE
      SIGNAL SQLSTATE '45000' SET MESSAGE_TEXT = "Don't try to hack.";
    END IF;
END ;;
DELIMITER ;
/*!50003 SET sql_mode              = @saved_sql_mode */ ;
/*!50003 SET character_set_client  = @saved_cs_client */ ;
/*!50003 SET character_set_results = @saved_cs_results */ ;
/*!50003 SET collation_connection  = @saved_col_connection */ ;
/*!50003 DROP PROCEDURE IF EXISTS `dostanDate` */;
/*!50003 SET @saved_cs_client      = @@character_set_client */ ;
/*!50003 SET @saved_cs_results     = @@character_set_results */ ;
/*!50003 SET @saved_col_connection = @@collation_connection */ ;
/*!50003 SET character_set_client  = utf8mb4 */ ;
/*!50003 SET character_set_results = utf8mb4 */ ;
/*!50003 SET collation_connection  = utf8mb4_general_ci */ ;
/*!50003 SET @saved_sql_mode       = @@sql_mode */ ;
/*!50003 SET sql_mode              = 'STRICT_TRANS_TABLES,NO_ENGINE_SUBSTITUTION' */ ;
DELIMITER ;;
CREATE DEFINER=`root`@`localhost` PROCEDURE `dostanDate`(
IN wprowadzoneImię varchar(50),
IN wprowadzoneHasło varchar(50)
)
BEGIN
DECLARE hash varchar(50);
DECLARE idOsoba int;
DECLARE autoryzacja int;
SET hash = (SELECT md5(wprowadzoneHasło));
SET idOsoba = (SELECT osoba.id FROM osoba WHERE osoba.imię = wprowadzoneImię);
SET autoryzacja = (SELECT COUNT(*) FROM hasła WHERE hasła.idOsoba=idOsoba AND hasła.haslo=hash);
IF autoryzacja > 0 THEN
SELECT dataUrodzenia FROM osoba WHERE osoba.id = idOsoba;
ELSE
SELECT date as dataUrodzenia FROM randomDateLong;
END IF;
END ;;
DELIMITER ;
/*!50003 SET sql_mode              = @saved_sql_mode */ ;
/*!50003 SET character_set_client  = @saved_cs_client */ ;
/*!50003 SET character_set_results = @saved_cs_results */ ;
/*!50003 SET collation_connection  = @saved_col_connection */ ;
/*!50003 DROP PROCEDURE IF EXISTS `generuj` */;
/*!50003 SET @saved_cs_client      = @@character_set_client */ ;
/*!50003 SET @saved_cs_results     = @@character_set_results */ ;
/*!50003 SET @saved_col_connection = @@collation_connection */ ;
/*!50003 SET character_set_client  = utf8mb4 */ ;
/*!50003 SET character_set_results = utf8mb4 */ ;
/*!50003 SET collation_connection  = utf8mb4_general_ci */ ;
/*!50003 SET @saved_sql_mode       = @@sql_mode */ ;
/*!50003 SET sql_mode              = 'STRICT_TRANS_TABLES,NO_ENGINE_SUBSTITUTION' */ ;
DELIMITER ;;
CREATE DEFINER=`root`@`localhost` PROCEDURE `generuj`(
    IN name VARCHAR(25),
IN num INT
)
BEGIN
DECLARE counter INT DEFAULT 0;
DECLARE zajecie enum('sport', 'nauka', 'inne') DEFAULT 'sport';
DECLARE zajecieID INT DEFAULT 0;
DECLARE osobaID INT DEFAULT 0;
countLoop: LOOP
IF counter<num THEN
IF name='osoba' THEN
INSERT INTO osoba VALUES (NULL, LEFT(MD5(RAND()),6), LEFT(MD5(RAND()),6), (SELECT date FROM randomDate), ELT(FLOOR(RAND()*2)+1,'m','f'));
ELSEIF name='sport' THEN
INSERT INTO sport VALUES (NULL, LEFT(MD5(RAND()),6), ELT(FLOOR(RAND()*3)+1,'indywidualny', 'drużynowy', 'mieszany'), LEFT(MD5(RAND()),6));
ELSEIF name='nauka' THEN
INSERT INTO nauka VALUES (NULL, LEFT(MD5(RAND()),6), LEFT(MD5(RAND()),6));
ELSEIF name='inne' THEN
INSERT INTO inne VALUES (NULL, LEFT(MD5(RAND()),6), LEFT(MD5(RAND()),6), ELT(FLOOR(RAND()*2)+1, TRUE, FALSE) );
ELSEIF name='hobby' THEN
SET zajecie = (SELECT ELT(FLOOR(RAND()*3)+1, 'sport', 'nauka', 'inne'));
SET osobaID = (SELECT id FROM osoba ORDER BY RAND() LIMIT 1);
IF zajecie='sport' THEN
SET zajecieID = (SELECT id FROM sport ORDER BY RAND() LIMIT 1);
ELSEIF zajecie='nauka' THEN
SET zajecieID = (SELECT id FROM nauka ORDER BY RAND() LIMIT 1);
ELSEIF zajecie='inne' THEN
SET zajecieID = (SELECT id FROM inne ORDER BY RAND() LIMIT 1);
END IF;
INSERT INTO hobby VALUES (zajecieID,osobaID,zajecie);
END IF;
SET counter = counter + 1;
ITERATE countLoop;
END IF;
LEAVE countLoop;
END LOOP countLoop;
END ;;
DELIMITER ;
/*!50003 SET sql_mode              = @saved_sql_mode */ ;
/*!50003 SET character_set_client  = @saved_cs_client */ ;
/*!50003 SET character_set_results = @saved_cs_results */ ;
/*!50003 SET collation_connection  = @saved_col_connection */ ;
/*!50003 DROP PROCEDURE IF EXISTS `generujPrace` */;
/*!50003 SET @saved_cs_client      = @@character_set_client */ ;
/*!50003 SET @saved_cs_results     = @@character_set_results */ ;
/*!50003 SET @saved_col_connection = @@collation_connection */ ;
/*!50003 SET character_set_client  = utf8mb4 */ ;
/*!50003 SET character_set_results = utf8mb4 */ ;
/*!50003 SET collation_connection  = utf8mb4_general_ci */ ;
/*!50003 SET @saved_sql_mode       = @@sql_mode */ ;
/*!50003 SET sql_mode              = 'STRICT_TRANS_TABLES,NO_ENGINE_SUBSTITUTION' */ ;
DELIMITER ;;
CREATE DEFINER=`root`@`localhost` PROCEDURE `generujPrace`()
BEGIN
DECLARE done INT DEFAULT FALSE;
DECLARE idOsoba int DEFAULT 0;
DECLARE idZawod int DEFAULT 0;
DECLARE pensjaMin INT DEFAULT 1;
DECLARE pensjaMax INT DEFAULT 1;
DECLARE zarobek INT DEFAULT 0;
DECLARE cursorOsoba CURSOR FOR SELECT id FROM osoba;
DECLARE CONTINUE HANDLER FOR NOT FOUND SET done = TRUE;
OPEN cursorOsoba;
readLoop: LOOP
FETCH cursorOsoba INTO idOsoba; 
IF done THEN
LEAVE readLoop;
END IF;
SET idZawod   = (SELECT id FROM zawody ORDER BY RAND() LIMIT 1);
SET pensjaMin = (SELECT zawody.pensjaMin FROM zawody WHERE id = idZawod);
SET pensjaMax = (SELECT zawody.pensjaMax FROM zawody WHERE id = idZawod);
SET zarobek   = (SELECT FLOOR(RAND()*(pensjaMax-pensjaMin+1))+pensjaMin);
INSERT INTO praca VALUES (idZawod, idOsoba, zarobek);
END LOOP;
CLOSE cursorOsoba;
END ;;
DELIMITER ;
/*!50003 SET sql_mode              = @saved_sql_mode */ ;
/*!50003 SET character_set_client  = @saved_cs_client */ ;
/*!50003 SET character_set_results = @saved_cs_results */ ;
/*!50003 SET collation_connection  = @saved_col_connection */ ;
/*!50003 DROP PROCEDURE IF EXISTS `generujZawody` */;
/*!50003 SET @saved_cs_client      = @@character_set_client */ ;
/*!50003 SET @saved_cs_results     = @@character_set_results */ ;
/*!50003 SET @saved_col_connection = @@collation_connection */ ;
/*!50003 SET character_set_client  = utf8mb4 */ ;
/*!50003 SET character_set_results = utf8mb4 */ ;
/*!50003 SET collation_connection  = utf8mb4_general_ci */ ;
/*!50003 SET @saved_sql_mode       = @@sql_mode */ ;
/*!50003 SET sql_mode              = 'STRICT_TRANS_TABLES,NO_ENGINE_SUBSTITUTION' */ ;
DELIMITER ;;
CREATE DEFINER=`root`@`localhost` PROCEDURE `generujZawody`(
IN num INT
)
BEGIN
DECLARE counter INT DEFAULT 0;
DECLARE pensjaMin INT DEFAULT 0;
DECLARE pensjaMax INT DEFAULT 0;
countLoop: LOOP
IF counter<num THEN
SET pensjaMin = (SELECT FLOOR(RAND()*(3000-2000+1))+2000);
SET pensjaMax = (SELECT FLOOR(RAND()*(5000-4000+1))+4000);
INSERT INTO zawody VALUES (NULL, LEFT(MD5(RAND()),6), pensjaMin, pensjaMax);
SET counter = counter + 1;
ITERATE countLoop;
END IF;
LEAVE countLoop;
END LOOP countLoop;
END ;;
DELIMITER ;
/*!50003 SET sql_mode              = @saved_sql_mode */ ;
/*!50003 SET character_set_client  = @saved_cs_client */ ;
/*!50003 SET character_set_results = @saved_cs_results */ ;
/*!50003 SET collation_connection  = @saved_col_connection */ ;
/*!50003 DROP PROCEDURE IF EXISTS `podwyzka` */;
/*!50003 SET @saved_cs_client      = @@character_set_client */ ;
/*!50003 SET @saved_cs_results     = @@character_set_results */ ;
/*!50003 SET @saved_col_connection = @@collation_connection */ ;
/*!50003 SET character_set_client  = utf8mb4 */ ;
/*!50003 SET character_set_results = utf8mb4 */ ;
/*!50003 SET collation_connection  = utf8mb4_general_ci */ ;
/*!50003 SET @saved_sql_mode       = @@sql_mode */ ;
/*!50003 SET sql_mode              = 'STRICT_TRANS_TABLES,NO_ENGINE_SUBSTITUTION' */ ;
DELIMITER ;;
CREATE DEFINER=`root`@`localhost` PROCEDURE `podwyzka`(
IN nazwaZawodu varchar(50)
)
BEGIN
DECLARE idOsoba int DEFAULT 0;
DECLARE idZawod int DEFAULT 0;
DECLARE pensjaMax INT DEFAULT 0;
DECLARE pensjaAktualna INT DEFAULT 0;
DECLARE pensjaNowa INT DEFAULT 0;
DECLARE done INT DEFAULT FALSE;
DECLARE cursorOsoba CURSOR FOR SELECT id FROM osoba;
DECLARE CONTINUE HANDLER FOR NOT FOUND SET done = TRUE;
OPEN cursorOsoba;
SET autocommit = 0;
START TRANSACTION;
readLoop: LOOP
FETCH cursorOsoba INTO idOsoba; 
IF done THEN
SELECT 'Operation successful';
COMMIT;
LEAVE readLoop;
END IF;
SET idZawod   = (SELECT id FROM zawody WHERE zawody.nazwa = nazwaZawodu LIMIT 1);
SET pensjaMax = (SELECT zawody.pensjaMax FROM zawody WHERE zawody.id = idZawod);
SET pensjaAktualna = (SELECT praca.zarobek FROM praca WHERE praca.idOsoba = idOsoba AND praca.idZawod = idZawod);
SET pensjaNowa = (SELECT pensjaAktualna * 1.1);
IF pensjaNowa > pensjaMax THEN
SELECT 'Operation failed';
ROLLBACK;
LEAVE readLoop;
ELSE
UPDATE praca SET praca.zarobek = pensjaNowa WHERE praca.idOsoba = idOsoba AND praca.idZawod = idZawod;
END IF;
END LOOP;
CLOSE cursorOsoba;
END ;;
DELIMITER ;
/*!50003 SET sql_mode              = @saved_sql_mode */ ;
/*!50003 SET character_set_client  = @saved_cs_client */ ;
/*!50003 SET character_set_results = @saved_cs_results */ ;
/*!50003 SET collation_connection  = @saved_col_connection */ ;
/*!50003 DROP PROCEDURE IF EXISTS `pokazHobby` */;
/*!50003 SET @saved_cs_client      = @@character_set_client */ ;
/*!50003 SET @saved_cs_results     = @@character_set_results */ ;
/*!50003 SET @saved_col_connection = @@collation_connection */ ;
/*!50003 SET character_set_client  = utf8mb4 */ ;
/*!50003 SET character_set_results = utf8mb4 */ ;
/*!50003 SET collation_connection  = utf8mb4_general_ci */ ;
/*!50003 SET @saved_sql_mode       = @@sql_mode */ ;
/*!50003 SET sql_mode              = 'STRICT_TRANS_TABLES,NO_ENGINE_SUBSTITUTION' */ ;
DELIMITER ;;
CREATE DEFINER=`root`@`localhost` PROCEDURE `pokazHobby`(
IN userID INT
)
BEGIN
SET @id = userID;
SELECT DISTINCT nazwa FROM polaczoneHobby WHERE (id, kategoria) IN (SELECT id, typ FROM hobby WHERE hobby.osoba=userID);
END ;;
DELIMITER ;
/*!50003 SET sql_mode              = @saved_sql_mode */ ;
/*!50003 SET character_set_client  = @saved_cs_client */ ;
/*!50003 SET character_set_results = @saved_cs_results */ ;
/*!50003 SET collation_connection  = @saved_col_connection */ ;
/*!50003 DROP PROCEDURE IF EXISTS `pokazHobby2` */;
/*!50003 SET @saved_cs_client      = @@character_set_client */ ;
/*!50003 SET @saved_cs_results     = @@character_set_results */ ;
/*!50003 SET @saved_col_connection = @@collation_connection */ ;
/*!50003 SET character_set_client  = utf8mb4 */ ;
/*!50003 SET character_set_results = utf8mb4 */ ;
/*!50003 SET collation_connection  = utf8mb4_general_ci */ ;
/*!50003 SET @saved_sql_mode       = @@sql_mode */ ;
/*!50003 SET sql_mode              = 'STRICT_TRANS_TABLES,NO_ENGINE_SUBSTITUTION' */ ;
DELIMITER ;;
CREATE DEFINER=`root`@`localhost` PROCEDURE `pokazHobby2`(
IN userID INT
)
BEGIN
(SELECT DISTINCT nazwa FROM polaczoneHobby WHERE (id, kategoria) IN (SELECT id, typ FROM hobby WHERE hobby.osoba=userID))
UNION (SELECT DISTINCT species as nazwa FROM zwierzak WHERE ownerID = userID);
END ;;
DELIMITER ;
/*!50003 SET sql_mode              = @saved_sql_mode */ ;
/*!50003 SET character_set_client  = @saved_cs_client */ ;
/*!50003 SET character_set_results = @saved_cs_results */ ;
/*!50003 SET collation_connection  = @saved_col_connection */ ;
/*!50003 DROP PROCEDURE IF EXISTS `sredniaPlaca` */;
/*!50003 SET @saved_cs_client      = @@character_set_client */ ;
/*!50003 SET @saved_cs_results     = @@character_set_results */ ;
/*!50003 SET @saved_col_connection = @@collation_connection */ ;
/*!50003 SET character_set_client  = utf8mb4 */ ;
/*!50003 SET character_set_results = utf8mb4 */ ;
/*!50003 SET collation_connection  = utf8mb4_general_ci */ ;
/*!50003 SET @saved_sql_mode       = @@sql_mode */ ;
/*!50003 SET sql_mode              = 'STRICT_TRANS_TABLES,NO_ENGINE_SUBSTITUTION' */ ;
DELIMITER ;;
CREATE DEFINER=`root`@`localhost` PROCEDURE `sredniaPlaca`(
IN nazwaZawodu varchar(50)
)
BEGIN
DECLARE epsilon DOUBLE DEFAULT 0.03;
DECLARE idZawod INT;
DECLARE pensjaMin INT;
DECLARE pensjaMax INT;
DECLARE iloscPracownikow INT;
DECLARE cleanResult DOUBLE;
DECLARE noise DOUBLE;
DECLARE perturbedResult DOUBLE;
DECLARE czulosc DOUBLE;
SELECT zawody.id, zawody.pensjaMin, zawody.pensjaMax INTO idZawod, pensjaMin, pensjaMax FROM zawody WHERE zawody.nazwa = nazwaZawodu;
SELECT COUNT(*) INTO iloscPracownikow FROM praca where praca.idZawod = idZawod;
SET cleanResult = ( SELECT AVG(zarobek) FROM praca WHERE praca.idZawod = idZawod );
SET czulosc = (pensjaMax-pensjaMin)/iloscPracownikow;
SET noise = (SELECT laplaceDistribution(0, czulosc/epsilon));
SET perturbedResult = cleanResult + noise;
IF perturbedResult < pensjaMin THEN
SET perturbedResult = pensjaMin;
ELSEIF perturbedResult > pensjaMax THEN
SET perturbedResult = pensjaMax;
END IF;
SELECT perturbedResult AS 'srednia';
END ;;
DELIMITER ;
/*!50003 SET sql_mode              = @saved_sql_mode */ ;
/*!50003 SET character_set_client  = @saved_cs_client */ ;
/*!50003 SET character_set_results = @saved_cs_results */ ;
/*!50003 SET collation_connection  = @saved_col_connection */ ;
/*!50003 DROP PROCEDURE IF EXISTS `zad19` */;
/*!50003 SET @saved_cs_client      = @@character_set_client */ ;
/*!50003 SET @saved_cs_results     = @@character_set_results */ ;
/*!50003 SET @saved_col_connection = @@collation_connection */ ;
/*!50003 SET character_set_client  = utf8mb4 */ ;
/*!50003 SET character_set_results = utf8mb4 */ ;
/*!50003 SET collation_connection  = utf8mb4_general_ci */ ;
/*!50003 SET @saved_sql_mode       = @@sql_mode */ ;
/*!50003 SET sql_mode              = 'STRICT_TRANS_TABLES,NO_ENGINE_SUBSTITUTION' */ ;
DELIMITER ;;
CREATE DEFINER=`root`@`localhost` PROCEDURE `zad19`(OUT out_imie VARCHAR(20), OUT out_wiek INT)
BEGIN
DECLARE count INT;
SELECT imię, TIMESTAMPDIFF(YEAR, osoba.dataUrodzenia, CURDATE()) INTO @imie, @wiek FROM osoba WHERE osoba.id = (SELECT id from hobbyUser ORDER BY iloscHobby DESC LIMIT 1);
SET out_imie = @imie;
SET out_wiek = @wiek;
END ;;
DELIMITER ;
/*!50003 SET sql_mode              = @saved_sql_mode */ ;
/*!50003 SET character_set_client  = @saved_cs_client */ ;
/*!50003 SET character_set_results = @saved_cs_results */ ;
/*!50003 SET collation_connection  = @saved_col_connection */ ;

--
-- Final view structure for view `getrandompersonid`
--

/*!50001 DROP VIEW IF EXISTS `getrandompersonid`*/;
/*!50001 SET @saved_cs_client          = @@character_set_client */;
/*!50001 SET @saved_cs_results         = @@character_set_results */;
/*!50001 SET @saved_col_connection     = @@collation_connection */;
/*!50001 SET character_set_client      = utf8mb4 */;
/*!50001 SET character_set_results     = utf8mb4 */;
/*!50001 SET collation_connection      = utf8mb4_general_ci */;
/*!50001 CREATE ALGORITHM=UNDEFINED */
/*!50013 DEFINER=`root`@`localhost` SQL SECURITY DEFINER */
/*!50001 VIEW `getrandompersonid` AS select `osoba`.`id` AS `id` from `osoba` order by rand() limit 1 */;
/*!50001 SET character_set_client      = @saved_cs_client */;
/*!50001 SET character_set_results     = @saved_cs_results */;
/*!50001 SET collation_connection      = @saved_col_connection */;

--
-- Final view structure for view `hobbyinfo`
--

/*!50001 DROP VIEW IF EXISTS `hobbyinfo`*/;
/*!50001 SET @saved_cs_client          = @@character_set_client */;
/*!50001 SET @saved_cs_results         = @@character_set_results */;
/*!50001 SET @saved_col_connection     = @@collation_connection */;
/*!50001 SET character_set_client      = utf8mb4 */;
/*!50001 SET character_set_results     = utf8mb4 */;
/*!50001 SET collation_connection      = utf8mb4_general_ci */;
/*!50001 CREATE ALGORITHM=UNDEFINED */
/*!50013 DEFINER=`root`@`localhost` SQL SECURITY DEFINER */
/*!50001 VIEW `hobbyinfo` AS select `hobby`.`typ` AS `typ`,count(0) AS `ilosc` from `hobby` group by `hobby`.`typ` */;
/*!50001 SET character_set_client      = @saved_cs_client */;
/*!50001 SET character_set_results     = @saved_cs_results */;
/*!50001 SET collation_connection      = @saved_col_connection */;

--
-- Final view structure for view `hobbyuser`
--

/*!50001 DROP VIEW IF EXISTS `hobbyuser`*/;
/*!50001 SET @saved_cs_client          = @@character_set_client */;
/*!50001 SET @saved_cs_results         = @@character_set_results */;
/*!50001 SET @saved_col_connection     = @@collation_connection */;
/*!50001 SET character_set_client      = utf8mb4 */;
/*!50001 SET character_set_results     = utf8mb4 */;
/*!50001 SET collation_connection      = utf8mb4_general_ci */;
/*!50001 CREATE ALGORITHM=UNDEFINED */
/*!50013 DEFINER=`root`@`localhost` SQL SECURITY DEFINER */
/*!50001 VIEW `hobbyuser` AS select `osoba`.`id` AS `id`,`osoba`.`imię` AS `imię`,`liczHobby`(`osoba`.`id`) AS `iloscHobby`,`liczZwierzaki`(`osoba`.`id`) AS `iloscZwierzaki` from `osoba` */;
/*!50001 SET character_set_client      = @saved_cs_client */;
/*!50001 SET character_set_results     = @saved_cs_results */;
/*!50001 SET collation_connection      = @saved_col_connection */;

--
-- Final view structure for view `polaczonehobby`
--

/*!50001 DROP VIEW IF EXISTS `polaczonehobby`*/;
/*!50001 SET @saved_cs_client          = @@character_set_client */;
/*!50001 SET @saved_cs_results         = @@character_set_results */;
/*!50001 SET @saved_col_connection     = @@collation_connection */;
/*!50001 SET character_set_client      = utf8mb4 */;
/*!50001 SET character_set_results     = utf8mb4 */;
/*!50001 SET collation_connection      = utf8mb4_general_ci */;
/*!50001 CREATE ALGORITHM=UNDEFINED */
/*!50013 DEFINER=`root`@`localhost` SQL SECURITY DEFINER */
/*!50001 VIEW `polaczonehobby` AS select `sport`.`id` AS `id`,`sport`.`nazwa` AS `nazwa`,'sport' AS `kategoria` from `sport` union select `nauka`.`id` AS `id`,`nauka`.`nazwa` AS `nazwa`,'nauka' AS `kategoria` from `nauka` union select `inne`.`id` AS `id`,`inne`.`nazwa` AS `nazwa`,'inne' AS `kategoria` from `inne` */;
/*!50001 SET character_set_client      = @saved_cs_client */;
/*!50001 SET character_set_results     = @saved_cs_results */;
/*!50001 SET collation_connection      = @saved_col_connection */;

--
-- Final view structure for view `randomdate`
--

/*!50001 DROP VIEW IF EXISTS `randomdate`*/;
/*!50001 SET @saved_cs_client          = @@character_set_client */;
/*!50001 SET @saved_cs_results         = @@character_set_results */;
/*!50001 SET @saved_col_connection     = @@collation_connection */;
/*!50001 SET character_set_client      = utf8mb4 */;
/*!50001 SET character_set_results     = utf8mb4 */;
/*!50001 SET collation_connection      = utf8mb4_general_ci */;
/*!50001 CREATE ALGORITHM=UNDEFINED */
/*!50013 DEFINER=`root`@`localhost` SQL SECURITY DEFINER */
/*!50001 VIEW `randomdate` AS select date_format(from_unixtime((unix_timestamp('1990-1-1') + floor((rand() * ((unix_timestamp('1999-12-31') - unix_timestamp('1990-1-1')) + 1))))),'%Y-%m-%d') AS `date` */;
/*!50001 SET character_set_client      = @saved_cs_client */;
/*!50001 SET character_set_results     = @saved_cs_results */;
/*!50001 SET collation_connection      = @saved_col_connection */;

--
-- Final view structure for view `randomdatelong`
--

/*!50001 DROP VIEW IF EXISTS `randomdatelong`*/;
/*!50001 SET @saved_cs_client          = @@character_set_client */;
/*!50001 SET @saved_cs_results         = @@character_set_results */;
/*!50001 SET @saved_col_connection     = @@collation_connection */;
/*!50001 SET character_set_client      = utf8mb4 */;
/*!50001 SET character_set_results     = utf8mb4 */;
/*!50001 SET collation_connection      = utf8mb4_general_ci */;
/*!50001 CREATE ALGORITHM=UNDEFINED */
/*!50013 DEFINER=`root`@`localhost` SQL SECURITY DEFINER */
/*!50001 VIEW `randomdatelong` AS select date_format(from_unixtime((unix_timestamp('1950-1-1') + floor((rand() * ((unix_timestamp('1999-12-31') - unix_timestamp('1950-1-1')) + 1))))),'%Y-%m-%d') AS `date` */;
/*!50001 SET character_set_client      = @saved_cs_client */;
/*!50001 SET character_set_results     = @saved_cs_results */;
/*!50001 SET collation_connection      = @saved_col_connection */;
/*!40103 SET TIME_ZONE=@OLD_TIME_ZONE */;

/*!40101 SET SQL_MODE=@OLD_SQL_MODE */;
/*!40014 SET FOREIGN_KEY_CHECKS=@OLD_FOREIGN_KEY_CHECKS */;
/*!40014 SET UNIQUE_CHECKS=@OLD_UNIQUE_CHECKS */;
/*!40101 SET CHARACTER_SET_CLIENT=@OLD_CHARACTER_SET_CLIENT */;
/*!40101 SET CHARACTER_SET_RESULTS=@OLD_CHARACTER_SET_RESULTS */;
/*!40101 SET COLLATION_CONNECTION=@OLD_COLLATION_CONNECTION */;
/*!40111 SET SQL_NOTES=@OLD_SQL_NOTES */;

-- Dump completed on 2019-11-16 21:11:20
